{
  "name": "Production Portfolio",
  "assets": [
      "EMU_Buxl_Fut",
      "US_Bond_30y_Fut",
      "AUD_Equity_Fut",
      "CAD_Equity_Fut",
      "CAD_Equity_Fut2",
      "CAD_Equity_Fut_linreg_medsignal",
      "US_Equity_Fut",
      "EM_Equity_Fut",
      "UK_Equity_F100_Fut",
      "FX_AUD_TR",
      "FX_AUD_TR_linreg",
      "FX_MXN_TR",
      "FX_NOK_TR",
      "FX_EURSEK_TR",
      "FX_JPY_TR",
      "FX_CAD_TR",
      "FX_CAD_TR_linreg",
      "FX_CAD_TR_xgboost",
      "FX_EURGBP_TR",
      "FX_EURGBP_TR_linreg",
      "FX_EURGBP_TR_linregcont"
  ],
  "allocation": {
    "allocator": "InvRiskAllocator(risk=SampleVaR())",
    "training_accessors": "[]",
    "risk_managers": "ActiveSignalsRiskScaler()"
  }
}
