{
  "name": "Production Portfolio",
  "assets": [
      "AUD_Bond_10y_Fut",
      "US_Bond_10y_Fut",
      "US_Bond_30y_Fut",
      "AUD_Equity_Fut",
      "US_Equity_Fut",
      "EMU_Equity_Fut",
      "EM_Equity_Fut",
      "UK_Equity_F100_Fut",
      "FX_MXN_TR",
      "FX_NOK_TR",
      "FX_EURSEK_TR",
      "FX_JPY_TR",
      "GLOB_BCOM_Index"
  ],
  "ensembles": [
      "CAD_Equity_Fut_Ensemble",
      "CAD_Bond_10y_Fut_Ensemble",
      "FX_AUD_TR_Ensemble",
      "FX_CAD_TR_Ensemble",
      "FX_EURGBP_TR_Ensemble",
      "FX_EUR_TR_Ensemble",
      "EMU_Buxl_Fut_Ensemble"
  ],
  "allocation": {
    "allocator": "InvRiskAllocator(risk=SampleVaR())",
    "training_accessors": "[]",
    "risk_managers": "ActiveSignalsRiskScaler()"
  }
}
