{
  "type": "SSE",
  "target": {
    "name": "CAD_Equity_Fut",
    "prediction_lag": 1,
    "winsorclipper": 0
  },
  "substrats": [
     {"feature_name": "CAD_Equity_Fut_Chg52",
     "param_grid": {"func": "[greater]", "thresh": "[0]"},
     "dynamic_threshold": {"tail": "mixed", "percentile": 0.25},
     "feature_preprocessing": null,
     "scoring_func": "active_mean_reg_score"},

    {"feature_name": "CAD_Equity_Fut_Chg",
     "param_grid": {"func": "[less]", "thresh": "[0]"},
     "dynamic_threshold": {"tail": "left", "percentile": 0.25},
     "feature_preprocessing": null,
     "scoring_func": "active_mean_reg_score"},

    {"feature_name": "SPGSIN_Chg13",
     "param_grid": {"func": "[greater]", "thresh": "[0]"},
     "feature_preprocessing": null,
      "dynamic_threshold": {"tail": "right", "percentile": 0.25},
     "scoring_func": "active_mean_reg_score"},

    {"feature_name": "CAD_USDCAD_Vol_Chg",
     "param_grid": {"func": "[less]", "thresh": "[0]"},
     "feature_preprocessing": null,
      "dynamic_threshold": {"tail": "mixed", "percentile": 0.25},
     "scoring_func": "active_mean_reg_score"},

    {"feature_name": "eq_per_flows_USA",
     "param_grid": {"func": "[less]", "thresh": "[0]"},
     "feature_preprocessing": null,
      "dynamic_threshold": {"tail": "mixed", "percentile": 0.25},
     "scoring_func": "active_mean_reg_score"},

    {"feature_name": "eq_per_flows_Canada",
     "param_grid": {"func": "[greater]", "thresh": "[0]"},
     "feature_preprocessing": null,
      "dynamic_threshold": {"tail": "mixed", "percentile": 0.25},
     "scoring_func": "active_mean_reg_score"},

    {"feature_name": "Mahalanobis",
     "param_grid": {"func": "[less]", "thresh": "np.linspace(-2, 2, num=20)"},
     "feature_preprocessing": "make_pipeline(StandardScaler(), Clipper(-3, 3), StandardScaler())",
     "scoring_func": "mean_score"}

],
  "data_splitter": {
    "expanding": 1,
    "test_size": 13,
    "initial_training_size": 104
  },
  "trade": {
    "t_cost": 0.0001
  },
  "clustering":{
      "is_signal": true,
      "corr": "euclidean_distances"
  }
}