{
  "type": "SSE",
  "target": {
    "name": "EMU_Buxl_Fut",
    "prediction_lag": 1,
    "winsorclipper": 0.01,
    "isinputlog": true,
    "logreturn": false
  },
  "substrats": [

    {"feature_name": "EMU_Equity_Vol_S1_Chg",
     "param_grid": {"func": "[less]", "thresh": [0]},
     "feature_preprocessing": null,
     "scoring_func": "active_mean_reg_score"},

    {"feature_name": "IT_GE_Sp2y_S1_Chg",
     "param_grid": {"func": "[less]", "thresh": [0]},
     "feature_preprocessing": null,
     "scoring_func": "active_mean_reg_score"},

    {"feature_name": "SPGSIN_Chg13",
     "param_grid": {"func": "[less]", "thresh": [0]},
     "feature_preprocessing": null,
     "scoring_func": "active_mean_reg_score"},

    {"feature_name": "EMU_Equity_Fut_ChgP",
     "param_grid": {"func": "[greater]", "thresh": [0]},
     "feature_preprocessing": null,
     "scoring_func": "active_mean_reg_score"}
],

  "data_splitter": {
    "expanding": 1,
    "test_size": 13,
    "initial_training_size": 104
  },
  "trade": {
    "t_cost": 0.0001
  },
  "clustering":{
      "is_signal": true,
      "corr": "euclidean_distances"
  }
}