{
  "type": "SSE",
  "target": {
    "name": "EMU_Equity_Fut",
    "prediction_lag": 1,
    "winsorclipper": 0
  },
  "substrats": [

     {"feature_name": "EMU_Equity_Fut_ChgP",
     "param_grid": {"func": "[less]", "thresh": "[0]"},
     "dynamic_threshold": {"tail": "left", "percentile": 0.25},
     "feature_preprocessing": null,
     "scoring_func": "active_mean_reg_score"},

     {"feature_name": "SPGSIN_Chg13",
     "param_grid": {"func": "[greater]", "thresh": "[0]"},
      "dynamic_threshold": {"tail": "right", "percentile": 0.25},
     "feature_preprocessing": null,
     "scoring_func": "active_mean_reg_score"},

     {"feature_name": "EMU_Equity_Vol_Chg",
     "param_grid": {"func": "[greater]", "thresh": "[1]"},
      "dynamic_threshold": {"tail": "right", "percentile": 0.25},
     "feature_preprocessing": null,
     "scoring_func": "active_mean_reg_score"},

     {"feature_name": "EMU_10y_2y_ZSc52",
     "param_grid": {"func": "[short_tent]", "thresh": "np.linspace(-2, 2, num=20)"},
     "feature_preprocessing": null,
     "scoring_func": "active_mean_reg_score"},

     {"feature_name": "eq_per_flows_USA",
     "param_grid": {"func": "[less]", "thresh": "[0]"},
      "dynamic_threshold": {"tail": "mixed", "percentile": 0.25},
     "feature_preprocessing": null,
     "scoring_func": "active_mean_reg_score"},

     {"feature_name": "eq_per_flows_Europe ex-UK Regional",
     "param_grid": {"func": "[less]", "thresh": "[0]"},
      "dynamic_threshold": {"tail": "mixed", "percentile": 0.25},
     "feature_preprocessing": null,
     "scoring_func": "active_mean_reg_score"},

      {"feature_name": "IT_GE_Sp2y_Chg",
    "param_grid": {"func": "[less]", "thresh": "[-0.05]"},
    "dynamic_threshold": {"tail": "left", "percentile": 0.25},
    "feature_preprocessing": null,
    "scoring_func": "active_mean_reg_score"}
],
  "data_splitter": {
    "expanding": 1,
    "test_size": 13,
    "initial_training_size": 104
  },
  "trade": {
    "t_cost": 0.0001
  },
  "clustering":{
      "is_signal": true,
      "corr": "euclidean_distances"
  }
}