{
  "type": "SSE",
  "target": {
    "name": "FX_AUD_TR",
    "prediction_lag": 1,
    "winsorclipper": 0
  },
  "substrats": [

     {"feature_name": "FX_AUD_Daily_Carry_Ann",
     "param_grid": {"func": "[short_mixed]", "thresh": "[0]"},
     "feature_preprocessing": null,
     "scoring_func": "active_mean_reg_score"},

     {"feature_name": "SPGSIN_Chg13",
     "param_grid": {"func": "[short_mixed]", "thresh": "[0]"},
     "feature_preprocessing": null,
     "scoring_func": "active_mean_reg_score"},

     {"feature_name": "SPGSIN_Chg",
     "param_grid": {"func": "[short_mixed]", "thresh": "[0]"},
     "feature_preprocessing": null,
     "scoring_func": "active_mean_reg_score"},

     {"feature_name": "AUD_Trade_Bal",
     "param_grid": {"func": "[short_mixed]", "thresh": "[0]"},
     "feature_preprocessing": null,
     "scoring_func": "active_mean_reg_score"},

     {"feature_name": "US_2y_v_OIS_ZSc52",
     "param_grid": {"func": "[mixed]", "thresh": "[0]"},
     "feature_preprocessing": null,
     "scoring_func": "active_mean_reg_score"},

     {"feature_name": "CFTC_AUD_NonComm_NOI",
     "param_grid": {"func": "[short_mixed]", "thresh": "[0]"},
     "feature_preprocessing": null,
     "scoring_func": "active_mean_reg_score"},

     {"feature_name": "US_AUD_Eq3m_S1",
     "param_grid": {"func": "[mixed]", "thresh": "[0]"},
     "feature_preprocessing": null,
     "scoring_func": "active_mean_reg_score"}

],
  "data_splitter": {
    "expanding": 1,
    "test_size": 13,
    "initial_training_size": 104
  },
  "trade": {
    "t_cost": 0.0001
  },
  "clustering":{
      "is_signal": true,
      "corr": "euclidean_distances"
  }
}