{
  "type": "SSE",
  "target": {
    "name": "FX_CAD_TR",
    "prediction_lag": 1,
    "winsorclipper": 0.01
  },
  "substrats": [

     {"feature_name": "CAD_Oil_S1_Chg",
     "param_grid": {"func": "[short_tent]", "thresh": "[0]"},
      "dynamic_threshold": {"tail": "mixed", "percentile": 0.25},
     "feature_preprocessing": null,
     "scoring_func": "mean_score"},

    {"feature_name": "US_Eq52_CAD_Eq52",
     "param_grid": {"func": "[tent]", "thresh": "[0]"},
     "dynamic_threshold": {"tail": "mixed", "percentile": 0.25},
     "feature_preprocessing": null,
     "scoring_func": "mean_score"},

    {"feature_name": "US_Eq13_CAD_Eq13",
     "param_grid": {"func": "[tent]", "thresh": "[0]"},
     "dynamic_threshold": {"tail": "mixed", "percentile": 0.25},
     "feature_preprocessing": null,
     "scoring_func": "mean_score"},

    {"feature_name": "US_Eq4_CAD_Eq4",
     "param_grid": {"func": "[tent]", "thresh": "[0]"},
     "dynamic_threshold": {"tail": "mixed", "percentile": 0.25},
     "feature_preprocessing": null,
     "scoring_func": "mean_score"},

    {"feature_name": "CAD_Bond_10ySp",
     "param_grid": {"func": "[short_tent]", "thresh": "[0]"},
     "dynamic_threshold": {"tail": "mixed", "percentile": 0.25},
     "feature_preprocessing": null,
     "scoring_func": "mean_score"},

    {"feature_name": "CFTC_CAD_NonComm_NOI",
     "param_grid": {"func": "[short_tent]", "thresh": "[0]"},
     "dynamic_threshold": {"tail": "mixed", "percentile": 0.25},
     "feature_preprocessing": null,
     "scoring_func": "mean_score"},

    {"feature_name": "US_2y_v_OIS_ZSc52",
     "param_grid": {"func": "[tent]", "thresh": "np.linspace(-2, 2, num=20)"},
     "feature_preprocessing": null,
     "scoring_func": "mean_score"},

    {"feature_name": "SPGSIN_Chg",
     "param_grid": {"func": "[short_tent]", "thresh": "[0]"},
     "dynamic_threshold": {"tail": "mixed", "percentile": 0.25},
     "feature_preprocessing": null,
     "scoring_func": "mean_score"},

    {"feature_name": "US_Breakeven1_Chg",
     "param_grid": {"func": "[short_tent]", "thresh": "[0]"},
     "dynamic_threshold": {"tail": "mixed", "percentile": 0.25},
     "feature_preprocessing": null,
     "scoring_func": "mean_score"},

    {"feature_name": "EM_Risk_index_Chg",
     "param_grid": {"func": "[tent]", "thresh": "[0]"},
     "dynamic_threshold": {"tail": "mixed", "percentile": 0.25},
     "feature_preprocessing": null,
     "scoring_func": "mean_score"}
],

  "data_splitter": {
    "expanding": 1,
    "test_size": 13,
    "initial_training_size": 104
  },
  "trade": {
    "t_cost": 0.0001
  },
  "clustering":{
      "is_signal": true,
      "corr": "euclidean_distances"
  }
}