{
  "type": "SSE",
  "target": {
    "name": "FX_EUR_TR",
    "prediction_lag": 1,
    "winsorclipper": 0.01
  },
  "substrats": [

     {"feature_name": "FX_EUR_Daily_Carry_Ann",
     "param_grid": {"func": "[tent]", "thresh": "[0]"},
     "dynamic_threshold": {"tail": "mixed", "percentile": 0.25},
     "feature_preprocessing": null,
     "scoring_func": "mean_score"},

    {"feature_name": "SPGSIN_Chg13",
     "param_grid": {"func": "[tent]", "thresh": "[0]"},
     "dynamic_threshold": {"tail": "mixed", "percentile": 0.25},
     "feature_preprocessing": null,
     "scoring_func": "mean_score"},

    {"feature_name": "US_EMU_Eq3m_S1",
     "param_grid": {"func": "[short_tent]", "thresh": "[0]"},
     "dynamic_threshold": {"tail": "mixed", "percentile": 0.25},
     "feature_preprocessing": null,
     "scoring_func": "mean_score"},

    {"feature_name": "US_EMU_Eq12m_S1",
     "param_grid": {"func": "[short_tent]", "thresh": "[0]"},
     "dynamic_threshold": {"tail": "mixed", "percentile": 0.25},
     "feature_preprocessing": null,
     "scoring_func": "mean_score"},

    {"feature_name": "CFTC_EUR_NonComm_NOI",
     "param_grid": {"func": "[tent]", "thresh": "[0]"},
     "dynamic_threshold": {"tail": "mixed", "percentile": 0.25},
     "feature_preprocessing": null,
     "scoring_func": "mean_score"},

    {"feature_name": "US_Bond_30y_Chg",
     "param_grid": {"func": "[tent]", "thresh": "[0]"},
     "dynamic_threshold": {"tail": "mixed", "percentile": 0.25},
     "feature_preprocessing": null,
     "scoring_func": "mean_score"},

    {"feature_name": "SPGSIN_Chg",
     "param_grid": {"func": "[tent]", "thresh": "[0]"},
     "dynamic_threshold": {"tail": "mixed", "percentile": 0.25},
     "feature_preprocessing": null,
     "scoring_func": "mean_score"},

    {"feature_name": "US_Real10y_Chg",
     "param_grid": {"func": "[tent]", "thresh": "[0]"},
     "dynamic_threshold": {"tail": "mixed", "percentile": 0.25},
     "feature_preprocessing": null,
     "scoring_func": "mean_score"},

    {"feature_name": "US_Breakeven1_Chg",
     "param_grid": {"func": "[tent]", "thresh": "[0]"},
     "dynamic_threshold": {"tail": "mixed", "percentile": 0.25},
     "feature_preprocessing": null,
     "scoring_func": "mean_score"},

    {"feature_name": "EM_Risk_index_Chg",
     "param_grid": {"func": "[short_tent]", "thresh": "[0]"},
     "dynamic_threshold": {"tail": "mixed", "percentile": 0.25},
     "feature_preprocessing": null,
     "scoring_func": "mean_score"}

],

  "data_splitter": {
    "expanding": 1,
    "test_size": 13,
    "initial_training_size": 104
  },
  "trade": {
    "t_cost": 0.0001
  },
  "clustering":{
      "is_signal": true,
      "corr": "euclidean_distances"
  }
}