{
  "type": "SSE",
  "target": {
    "name": "FX_JPY_TR",
    "prediction_lag": 1,
    "winsorclipper": 0.01
  },
  "substrats": [

    {"feature_name": "FX_JPY_Chg",
     "param_grid": {"func": "[mixed]", "thresh": "[0]"},
     "feature_preprocessing": null,
     "scoring_func": "mean_score"},

    {"feature_name": "US_Equity_Vol_Chg",
     "param_grid": {"func": "[short_mixed]", "thresh": "[0]"},
     "feature_preprocessing": null,
     "scoring_func": "mean_score"},

    {"feature_name": "US_Bond_10y_Chg",
     "param_grid": {"func": "[mixed]", "thresh": "[0]"},
     "feature_preprocessing": null,
     "scoring_func": "mean_score"},

    {"feature_name": "JPN_Bond_10y_ZSc52",
     "param_grid": {"func": "[mixed]", "thresh": "[0]"},
     "feature_preprocessing": null,
     "scoring_func": "mean_score"},

    {"feature_name": "FX_JPY_Chg13",
     "param_grid": {"func": "[short_mixed]", "thresh": "[0]"},
     "feature_preprocessing": null,
     "scoring_func": "mean_score"},

    {"feature_name": "JPN_xccy10y_ZSc52",
     "param_grid": {"func": "[short_mixed]", "thresh": "[0]"},
     "feature_preprocessing": null,
     "scoring_func": "mean_score"},

    {"feature_name": "US_10y_2y_ZSc52",
     "param_grid": {"func": "[mixed]", "thresh": "[0]"},
     "feature_preprocessing": null,
     "scoring_func": "mean_score"},

    {"feature_name": "US_Bond_30y_Chg",
     "param_grid": {"func": "[mixed]", "thresh": "[0]"},
     "feature_preprocessing": null,
     "scoring_func": "mean_score"},

    {"feature_name": "country_eq_flow_Japan",
     "param_grid": {"func": "[short_mixed]", "thresh": "[0]"},
     "feature_preprocessing": null,
     "scoring_func": "mean_score"},

    {"feature_name": "country_eq_flow_Japan_Sum13",
     "param_grid": {"func": "[short_mixed]", "thresh": "[0]"},
     "feature_preprocessing": null,
     "scoring_func": "mean_score"},

    {"feature_name": "JPN_Swap_fly_ZSc52",
     "param_grid": {"func": "[short_mixed]", "thresh": "[0]"},
     "feature_preprocessing": null,
     "scoring_func": "mean_score"},

    {"feature_name": "US_10y_2y_Chg",
     "param_grid": {"func": "[mixed]", "thresh": "[0]"},
     "feature_preprocessing": null,
     "scoring_func": "mean_score"},

    {"feature_name": "JPN_10y_2y_ZSc52",
     "param_grid": {"func": "[mixed]", "thresh": "[0]"},
     "feature_preprocessing": null,
     "scoring_func": "mean_score"}

],

  "data_splitter": {
    "expanding": 1,
    "test_size": 13,
    "initial_training_size": 104
  },
  "trade": {
    "t_cost": 0.0001
  },
  "clustering":{
      "is_signal": true,
      "corr": "euclidean_distances"
  }
}