{
  "type": "SSE",
  "target": {
    "name": "FX_MXN_TR",
    "prediction_lag": 1,
    "winsorclipper": 0
  },
  "substrats": [

     {"feature_name": "FX_MXN_Daily_Carry_Ann",
     "param_grid": {"func": "[short_mixed]", "thresh": "[0]"},
     "feature_preprocessing": null,
     "scoring_func": "mean_score"},

    {"feature_name": "SPGSIN_Chg13",
     "param_grid": {"func": "[mixed]", "thresh": "[0]"},
     "feature_preprocessing": null,
     "scoring_func": "mean_score"},

    {"feature_name": "FX_MXN_TR_Chg",
     "param_grid": {"func": "[short_mixed]", "thresh": "[0]"},
     "feature_preprocessing": null,
     "scoring_func": "mean_score"},

    {"feature_name": "EM_Risk_index_Chg",
     "param_grid": {"func": "[short_mixed]", "thresh": "[0]"},
     "feature_preprocessing": null,
     "scoring_func": "mean_score"},

    {"feature_name": "CFTC_MXN_Lev_NOI",
     "param_grid": {"func": "[short_mixed]", "thresh": "[0]"},
     "feature_preprocessing": null,
     "scoring_func": "mean_score"},

    {"feature_name": "GLOB_Oil_Chg",
     "param_grid": {"func": "[mixed]", "thresh": "[0]"},
     "feature_preprocessing": null,
     "scoring_func": "mean_score"},

    {"feature_name": "MXN_Equity_Chg",
     "param_grid": {"func": "[mixed]", "thresh": "[0]"},
     "feature_preprocessing": null,
     "scoring_func": "mean_score"},

    {"feature_name": "US_2y_v_OIS_ZSc52",
     "param_grid": {"func": "[short_mixed]", "thresh": "[0]"},
     "feature_preprocessing": null,
     "scoring_func": "mean_score"},

    {"feature_name": "US_2y_v_OIS_ZSc26",
     "param_grid": {"func": "[short_mixed]", "thresh": "[0]"},
     "feature_preprocessing": null,
     "scoring_func": "mean_score"},

    {"feature_name": "MXN_Bond_10y_ZSc52",
     "param_grid": {"func": "[mixed]", "thresh": "[0]"},
     "feature_preprocessing": null,
     "scoring_func": "mean_score"},

    {"feature_name": "MXN_Bond_2y_ZSc13",
     "param_grid": {"func": "[mixed]", "thresh": "[0]"},
     "feature_preprocessing": null,
     "scoring_func": "mean_score"},

    {"feature_name": "MXN_Bond_2y_Chg13",
     "param_grid": {"func": "[mixed]", "thresh": "[0]"},
     "feature_preprocessing": null,
     "scoring_func": "mean_score"},

    {"feature_name": "FX_MXN_TR_DMI",
     "param_grid": {"func": "[short_mixed]", "thresh": "[0]"},
     "feature_preprocessing": null,
     "scoring_func": "mean_score"},

    {"feature_name": "GLOB_EM_LATAM_JPM_GDP_Forec_Chg",
     "param_grid": {"func": "[mixed]", "thresh": "[0]"},
     "feature_preprocessing": null,
     "scoring_func": "mean_score"},

    {"feature_name": "eq_ctry2_Mexico",
     "param_grid": {"func": "[mixed]", "thresh": "[0]"},
     "feature_preprocessing": null,
     "scoring_func": "mean_score"},

    {"feature_name": "Mahalanobis",
     "param_grid": {"func": "[short_mixed]", "thresh": "np.linspace(-2, 2, num=20)"},
     "feature_preprocessing": "make_pipeline(StandardScaler(), Clipper(-3, 3), StandardScaler())",
     "scoring_func": "mean_score"}

],
  "data_splitter": {
    "expanding": 1,
    "test_size": 13,
    "initial_training_size": 104
  },
  "trade": {
    "t_cost": 0.0001
  },
  "clustering":{
      "is_signal": true,
      "corr": "euclidean_distances"
  }
}