{
  "type": "SSE",
  "target": {
    "name": "US_Bond_30y_Fut",
    "prediction_lag": 1,
    "winsorclipper": 0
  },
  "substrats": [

     {"feature_name": "US_Equity_Vol_Chg",
     "param_grid": {"func": "[less]", "thresh": "[0]"},
     "feature_preprocessing": null,
     "scoring_func": "active_mean_reg_score"},

     {"feature_name": "SPGSIN_Chg13",
     "param_grid": {"func": "[less]", "thresh": "[0]"},
     "feature_preprocessing": null,
     "scoring_func": "active_mean_reg_score"},

     {"feature_name": "US_Bond_30y_Fut_ChgP",
     "param_grid": {"func": "[less]", "thresh": "[0.005]"},
     "feature_preprocessing": null,
     "scoring_func": "active_mean_reg_score"},

     {"feature_name": "US_2y_v_OIS_Chg",
     "param_grid": {"func": "[less]", "thresh": "[-0.05]"},
     "feature_preprocessing": null,
     "scoring_func": "active_mean_reg_score"},

     {"feature_name": "US_10y_2y_Chg",
     "param_grid": {"func": "[greater]", "thresh": "[0]"},
     "feature_preprocessing": null,
     "scoring_func": "active_mean_reg_score"},

     {"feature_name": "US_30y_10y_Chg",
     "param_grid": {"func": "[greater]", "thresh": "[0]"},
     "feature_preprocessing": null,
     "scoring_func": "active_mean_reg_score"},

     {"feature_name": "GLOB_Oil_Chg6",
     "param_grid": {"func": "[less]", "thresh": "[0]"},
     "feature_preprocessing": null,
     "scoring_func": "active_mean_reg_score"},

     {"feature_name": "US_Breakeven1_Chg9",
     "param_grid": {"func": "[less]", "thresh": "[0]"},
     "feature_preprocessing": null,
     "scoring_func": "active_mean_reg_score"}
],
  "data_splitter": {
    "expanding": 1,
    "test_size": 13,
    "initial_training_size": 104
  },
  "trade": {
    "t_cost": 0.0001
  },
  "clustering":{
      "is_signal": true,
      "corr": "euclidean_distances"
  }
}