{
  "type": "SSE",
  "target": {
    "name": "US_Equity_Fut",
    "prediction_lag": 1,
    "winsorclipper": 0
  },
  "substrats": [
    {"feature_name": "US_Equity_Fut_ChgP",
    "param_grid": {"func": "[less]", "thresh": "np.linspace(-0.005, 0.0055, num=10)"},
    "dynamic_threshold": {"tail": "left", "percentile": 0.25},
    "feature_preprocessing": null,
    "scoring_func": "active_mean_reg_score"},

   {"feature_name": "US_Equity_Real_Vol1m_Chg",
    "param_grid": {"func": "[mixed]", "thresh": "np.linspace(-2, 2, num=20)"},
   "feature_preprocessing": "make_pipeline(StandardScaler(), Clipper(-3, 3), StandardScaler())",
   "scoring_func": "active_mean_reg_score"},

   {"feature_name": "US_Lois3m_Chg",
    "param_grid": {"func": "[mixed]", "thresh": "np.linspace(-2, 2, num=20)"},
   "feature_preprocessing": "make_pipeline(StandardScaler(), Clipper(-3, 3), StandardScaler())",
   "scoring_func": "active_mean_reg_score"},

   {"feature_name": "US_Equity_Vol_Chg",
     "param_grid": {"func": "[greater]", "thresh": "[0]"},
   "feature_preprocessing": null,
   "dynamic_threshold": {"tail": "right", "percentile": 0.25},
   "scoring_func": "active_mean_reg_score"},

   {"feature_name": "DXY_ChgP",
    "param_grid": {"func": "[less]", "thresh": "[0]"},
   "dynamic_threshold": {"tail": "left", "percentile": 0.25},
  "feature_preprocessing": null,
   "scoring_func": "active_mean_reg_score"},

   {"feature_name": "SPGSIN_Chg13",
    "param_grid": {"func": "[greater]", "thresh": "np.linspace(0, 0.06, num=20)"},
   "feature_preprocessing": null,
   "dynamic_threshold": {"tail": "right", "percentile": 0.25},
   "scoring_func": "active_mean_reg_score"},

   {"feature_name": "eq_per_flows_USA",
    "param_grid": {"func": "[less]", "thresh": "np.linspace(-2, 2, num=20)"},
   "feature_preprocessing": null,
    "dynamic_threshold": {"tail": "left", "percentile": 0.3},
   "scoring_func": "active_mean_reg_score"},

   {"feature_name": "US_2y_v_OIS_ZSc52",
    "param_grid": {"func": "[less]", "thresh": "np.linspace(-2, 0, num=20)"},
   "feature_preprocessing": null,
   "scoring_func": "mean_score"},

   {"feature_name": "US_Bond_30y_ZSc52",
    "param_grid": {"func": "[less]", "thresh": "np.linspace(-2, 0, num=20)"},
   "feature_preprocessing": null,
   "scoring_func": "mean_score"},

   {"feature_name": "US_10y_2y_ZSc52",
    "param_grid": {"func": "[less]", "thresh": "np.linspace(-2, 0, num=20)"},
   "feature_preprocessing": null,
   "scoring_func": "mean_score"},

    {"feature_name": "GLOB_EM_HCSp_Chg",
    "param_grid": {"func": "[greater]", "thresh":"[0]"},
   "feature_preprocessing": null,
    "dynamic_threshold": {"tail": "right", "percentile": 0.25},
     "scoring_func": "active_mean_reg_score"},

    {"feature_name": "US_Bond_5_2y_Chg4",
    "param_grid": {"func": "[less]", "thresh":"[0]"},
   "feature_preprocessing": null,
     "scoring_func": "mean_score"},

    {"feature_name": "US_Equity_PutCall_Ratio_ZSc52",
    "param_grid": {"func": "[greater]", "thresh": "np.linspace(-1, 1, num=20)"},
   "feature_preprocessing": null,
     "scoring_func": "mean_score"},

    {"feature_name": "US_SSR_Chg4",
    "param_grid": {"func": "[less]", "thresh": "[0]"},
      "dynamic_threshold": {"tail": "left", "percentile": 0.25},
   "feature_preprocessing": null,
     "scoring_func": "mean_score"},

    {"feature_name": "US_2y_v_OIS_Chg4",
    "param_grid": {"func": "[less]", "thresh": "[0]"},
      "dynamic_threshold": {"tail": "left", "percentile": 0.25},
   "feature_preprocessing": null,
     "scoring_func": "mean_score"}
],
  "data_splitter": {
    "expanding": 1,
    "test_size": 13,
    "initial_training_size": 104
  },
  "trade": {
    "t_cost": 0.0001
  },
  "clustering":{
      "is_signal": true,
      "corr": "euclidean_distances"
  }
}