id,id_asset_category,parent,parent_obj,parent_field,target,target_field,id_provider,provider_field,provider_bulk_field,provider_column,provider_params,provider_callable,provider_callable_group,provider_callable_params
,,,,,,name,1,NAME,,NAME,,,NAME,
,,,,,,security_name,1,SECURITY_NAME,,SECURITY_NAME,,,SECURITY_NAME,
,,,,,,ticker,1,TICKER,,TICKER,,,TICKER,
,,,,,,isin,1,ID_ISIN,,ID_ISIN,,,ID_ISIN,
,,,,,,cusip,1,ID_CUSIP,,ID_CUSIP,,,ID_CUSIP,
,,,,,,ticker_and_exchange_code,1,TICKER_AND_EXCH_CODE,,TICKER_AND_EXCH_CODE,,,TICKER_AND_EXCH_CODE,
,,,,,,exchange_code,1,EXCH_CODE,,EXCH_CODE,,,EXCH_CODE,
,,,,,,yellow_key,1,MARKET_SECTOR_DES,,MARKET_SECTOR_DES,,,MARKET_SECTOR_DES,
,,,currency,id_currency,currency,iso,1,CRNCY,,CRNCY,,,CRNCY,
,,,country,id_country,country,iso,1,COUNTRY,,COUNTRY,,,COUNTRY,
,,,country_of_risk,id_country_of_risk,country,iso,1,CNTRY_OF_RISK,,CNTRY_OF_RISK,,,CNTRY_OF_RISK,
,,,issuer,id_issuer,issuer,name,1,ISSUER,,ISSUER,,,ISSUER,
,,,issuer,id_issuer,issuer,ticker,1,ISSUER_EQUITY_TICKER,,ISSUER_EQUITY_TICKER,,,ISSUER_EQUITY_TICKER,
,,,gics,id_gics,gics,id_sector,1,GICS_SECTOR,,GICS_SECTOR,,,GICS_SECTOR,
,,,gics,id_gics,gics,id_group,1,GICS_INDUSTRY_GROUP,,GICS_INDUSTRY_GROUP,,,GICS_INDUSTRY_GROUP,
,,,gics,id_gics,gics,id_industry,1,GICS_INDUSTRY,,GICS_INDUSTRY,,,GICS_INDUSTRY,
,,,gics,id_gics,gics,id_subindustry,1,GICS_SUB_INDUSTRY,,GICS_SUB_INDUSTRY,,,GICS_SUB_INDUSTRY,
,,,gics,id_gics,gics,sector,1,GICS_SECTOR_NAME,,GICS_SECTOR_NAME,,,GICS_SECTOR_NAME,
,,,gics,id_gics,gics,group,1,GICS_INDUSTRY_GROUP_NAME,,GICS_INDUSTRY_GROUP_NAME,,,GICS_INDUSTRY_GROUP_NAME,
,,,gics,id_gics,gics,industry,1,GICS_INDUSTRY_NAME,,GICS_INDUSTRY_NAME,,,GICS_INDUSTRY_NAME,
,,,gics,id_gics,gics,subindustry,1,GICS_SUB_INDUSTRY_NAME,,GICS_SUB_INDUSTRY_NAME,,,GICS_SUB_INDUSTRY_NAME,
,,,bics,id_bics,bics,id_sector,1,BICS_LEVEL_1_SECTOR_CODE,,BICS_LEVEL_1_SECTOR_CODE,,,BICS_LEVEL_1_SECTOR_CODE,
,,,bics,id_bics,bics,id_industry,1,BICS_LEVEL_2_INDUSTRY_GROUP_CODE,,BICS_LEVEL_2_INDUSTRY_GROUP_CODE,,,BICS_LEVEL_2_INDUSTRY_GROUP_CODE,
,,,bics,id_bics,bics,sector,1,BICS_LEVEL_1_SECTOR_NAME,,BICS_LEVEL_1_SECTOR_NAME,,,BICS_LEVEL_1_SECTOR_NAME,
,,,bics,id_bics,bics,industry,1,BICS_LEVEL_2_INDUSTRY_GROUP_NAME,,BICS_LEVEL_2_INDUSTRY_GROUP_NAME,,,BICS_LEVEL_2_INDUSTRY_GROUP_NAME,
,,issuer,rating,id_rating,rating,rating__sp,1,RTG_SP_LT_LC_ISSUER_CREDIT,,RTG_SP_LT_LC_ISSUER_CREDIT,,,RTG_SP_LT_LC_ISSUER_CREDIT,
,2,,,,,date_issue,1,ISSUE_DT,,ISSUE_DT,,,ISSUE_DT,
,2,,,,,date_maturity,1,MATURITY,,MATURITY,,,MATURITY,
,2,,,,,date_calc_maturity,1,CALC_MATURITY,,CALC_MATURITY,,,CALC_MATURITY,
,2,,,,,maturity_type,1,MTY_TYP,,MTY_TYP,,,MTY_TYP,
,2,,,,,issue_amount,1,AMT_ISSUED,,AMT_ISSUED,,,AMT_ISSUED,
,2,,,,,par_amount,1,PAR_AMT,,PAR_AMT,,,PAR_AMT,
,2,,,,,date_first_settlement,1,FIRST_SETTLE_DT,,FIRST_SETTLE_DT,,,FIRST_SETTLE_DT,
,2,,,,,coupon,1,CPN,,CPN,,,CPN,
,2,,,,,coupon_frequency,1,CPN_FREQ,,CPN_FREQ,,,CPN_FREQ,
,2,,,,,coupon_type,1,CPN_TYP,,CPN_TYP,,,CPN_TYP,
,2,,coupon_currency,id_coupon_currency,currency,iso,1,CPN_CRNCY,,CPN_CRNCY,,,CPN_CRNCY,
,2,,,,,day_count,1,DAY_CNT,,DAY_CNT,,,DAY_CNT,
,2,,,,,date_first_coupon,1,FIRST_CPN_DT,,FIRST_CPN_DT,,,FIRST_CPN_DT,
,2,,rating_sp,id_rating,rating,rating__sp,1,RTG_SP,,RTG_SP,,,RTG_SP,
,2,,rating_moodys,id_rating,rating,rating__moodys,1,RTG_MOODY,,RTG_MOODY,,,RTG_MOODY,
,2,,rating_fitch,id_rating,rating,rating__fitch,1,RTG_FITCH,,RTG_FITCH,,,RTG_FITCH,
,2,,rating_bbg,id_rating,rating,rating__bbg,1,BB_COMPOSITE,,BB_COMPOSITE,,,BB_COMPOSITE,
,2,,rating_dbrs,id_rating,rating,rating__dbrs,1,RTG_DBRS,,RTG_DBRS,,,RTG_DBRS,
,2,,,,,is_fixed,1,FIXED,,FIXED,,providers.bloomberg.to_bool,FIXED,
,2,,,,,is_callable,1,CALLABLE,,CALLABLE,,providers.bloomberg.to_bool,CALLABLE,
,2,,,,,is_convertible,1,IS_PERPETUAL,,IS_PERPETUAL,,providers.bloomberg.to_bool,IS_PERPETUAL,
,2,,,,,is_perpetual,1,CONVERTIBLE,,CONVERTIBLE,,providers.bloomberg.to_bool,CONVERTIBLE,
,2,,,,,is_subordinated,1,IS_SUBORDINATED,,IS_SUBORDINATED,,providers.bloomberg.to_bool,IS_SUBORDINATED,
,2,,,,,green_bond,1,GREEN_BOND_LOAN_INDICATOR,,GREEN_BOND_LOAN_INDICATOR,,providers.bloomberg.to_bool,GREEN_BOND_LOAN_INDICATOR,
,2,,,,,payment_rank,1,PAYMENT_RANK,,PAYMENT_RANK,,,PAYMENT_RANK,
,2,,,,,normlized_payment_rank,1,NORMALIZED_PAYMENT_RANK,,NORMALIZED_PAYMENT_RANK,,,NORMALIZED_PAYMENT_RANK,
,,,,,,bail_in_bond_designation,1,BAIL_IN_BOND_DESIGNATION,,BAIL_IN_BOND_DESIGNATION,,,BAIL_IN_BOND_DESIGNATION,
,2,,,,,basel_iii_designation,1,BASEL_III_DESIGNATION,,BASEL_III_DESIGNATION,,,BASEL_III_DESIGNATION,
,2,,,,,capital_initial_trigger,1,CAPITAL_TYP_COCO_INITIAL_TRIGGER,,CAPITAL_TYP_COCO_INITIAL_TRIGGER,,,CAPITAL_TYP_COCO_INITIAL_TRIGGER,
,2,,,,,capital_action,1,CAPITAL_TYPE_COCO_ACTION,,CAPITAL_TYPE_COCO_ACTION,,,CAPITAL_TYPE_COCO_ACTION,
,2,,,,,capital_trigger_level,1,CAPITAL_TYPE_COCO_TRIGGER_LEVEL,,CAPITAL_TYPE_COCO_TRIGGER_LEVEL,,,CAPITAL_TYPE_COCO_TRIGGER_LEVEL,
,2,,,,,capital_trigger_type,1,CAPITAL_TRIGGER_TYPE,,CAPITAL_TRIGGER_TYPE,,,CAPITAL_TRIGGER_TYPE,
,2,,structured_note_coupons,structured_note_coupons,structured_note_coupon,id,1,,STRUCTURED_NOTE_CPN_FORMULA,,,providers.bloomberg.structured_notes,STRUCTURED_NOTE_CPN_FORMULA,
,2,,structured_note_coupons,structured_note_coupons,structured_note_coupon,effective_date,1,,STRUCTURED_NOTE_CPN_FORMULA,Effective Date,,providers.bloomberg.structured_notes,STRUCTURED_NOTE_CPN_FORMULA,
,2,,structured_note_coupons,structured_note_coupons,structured_note_coupon,coupon_formula,1,,STRUCTURED_NOTE_CPN_FORMULA,Coupon Formula,,providers.bloomberg.structured_notes,STRUCTURED_NOTE_CPN_FORMULA,
,2,,structured_note_coupons,structured_note_coupons,structured_note_coupon,day_count,1,,STRUCTURED_NOTE_CPN_FORMULA,Day Count,,providers.bloomberg.structured_notes,STRUCTURED_NOTE_CPN_FORMULA,
,2,,structured_note_coupons,structured_note_coupons,structured_note_coupon,coupon_frequency,1,,STRUCTURED_NOTE_CPN_FORMULA,Coupon Frequency,,providers.bloomberg.structured_notes,STRUCTURED_NOTE_CPN_FORMULA,
,2,,structured_note_coupons,structured_note_coupons,structured_note_coupon,coupon_cap,1,,STRUCTURED_NOTE_CPN_FORMULA,Coupon Cap,,providers.bloomberg.structured_notes,STRUCTURED_NOTE_CPN_FORMULA,
,2,,structured_note_coupons,structured_note_coupons,structured_note_coupon,coupon_floor,1,,STRUCTURED_NOTE_CPN_FORMULA,Coupon Floor,,providers.bloomberg.structured_notes,STRUCTURED_NOTE_CPN_FORMULA,
,2,,,,,use_of_proceeds,1,,USE_OF_PROCEEDS,Use of Proceeds,,providers.bloomberg.to_list_str,USE_OF_PROCEEDS,
