id,name,iso,scale
1,Afghani,AFN,
2,Lek,ALL,
3,Algerian Dinar,DZD,
4,US Dollar,USD,
5,Euro,EUR,
6,Kwanza,AOA,
7,East Caribbean Dollar,XCD,
9,Argentine Peso,ARS,
10,Armenian Dram,AMD,
11,Aruban Florin,AWG,
12,Australian Dollar,AUD,
13,Azerbaijanian Manat,AZN,
14,Bahamian Dollar,BSD,
15,Bahraini Dinar,BHD,
16,Taka,BDT,
17,Barbados Dollar,BBD,
18,Belarussian Ruble,BYN,
19,Belize Dollar,BZD,
20,CFA Franc BCEAO,XOF,
21,Bermudian Dollar,BMD,
22,Ngultrum,BTN,
23,Indian Rupee,INR,
24,Boliviano,BOB,
25,Mvdol,BOV,
26,Convertible Mark,BAM,
27,Pula,BWP,
28,Norwegian Krone,NOK,
29,Brazilian Real,BRL,
30,Brunei Dollar,BND,
31,Bulgarian Lev,BGN,
32,Burundi Franc,BIF,
33,Cabo Verde Escudo,CVE,
34,Riel,KHR,
35,CFA Franc BEAC,XAF,
36,Canadian Dollar,CAD,
37,Cayman Islands Dollar,KYD,
38,Unidad de Fomento,CLF,
39,Chilean Peso,CLP,
40,Yuan Renminbi,CNY,
41,Colombian Peso,COP,
42,Unidad de Valor Real,COU,
43,Comoro Franc,KMF,
44,Congolese Franc,CDF,
45,New Zealand Dollar,NZD,
46,Costa Rican Colon,CRC,
47,Kuna,HRK,
48,Peso Convertible,CUC,
49,Cuban Peso,CUP,
50,Netherlands Antillean Guilder,ANG,
51,Czech Koruna,CZK,
52,Danish Krone,DKK,
53,Djibouti Franc,DJF,
54,Dominican Peso,DOP,
55,Egyptian Pound,EGP,
56,El Salvador Colon,SVC,
57,Nakfa,ERN,
58,Ethiopian Birr,ETB,
59,Falkland Islands Pound,FKP,
60,Fiji Dollar,FJD,
61,CFP Franc,XPF,
62,Dalasi,GMD,
63,Lari,GEL,
64,Ghana Cedi,GHS,
65,Gibraltar Pound,GIP,
66,Quetzal,GTQ,
67,Pound Sterling,GBP,
68,Guinea Franc,GNF,
69,Guyana Dollar,GYD,
70,Gourde,HTG,
71,Lempira,HNL,
72,Hong Kong Dollar,HKD,
73,Forint,HUF,
74,Iceland Krona,ISK,
75,Rupiah,IDR,
76,SDR (Special Drawing Right),XDR,
77,Iranian Rial,IRR,
78,Iraqi Dinar,IQD,
79,New Israeli Sheqel,ILS,
80,Jamaican Dollar,JMD,
81,Yen,JPY,
82,Jordanian Dinar,JOD,
83,Tenge,KZT,
84,Kenyan Shilling,KES,
85,North Korean Won,KPW,
86,Won,KRW,
87,Kuwaiti Dinar,KWD,
88,Som,KGS,
89,Kip,LAK,
90,Lebanese Pound,LBP,
91,Loti,LSL,
92,Rand,ZAR,
93,Liberian Dollar,LRD,
94,Libyan Dinar,LYD,
95,Swiss Franc,CHF,
96,Pataca,MOP,
97,Malagasy Ariary,MGA,
98,Kwacha,MWK,
99,Malaysian Ringgit,MYR,
100,Rufiyaa,MVR,
101,Ouguiya,MRU,
102,Mauritius Rupee,MUR,
103,ADB Unit of Account,XUA,
104,Mexican Peso,MXN,
105,Mexican Unidad de Inversion (UDI),MXV,
106,Moldovan Leu,MDL,
107,Tugrik,MNT,
108,Moroccan Dirham,MAD,
109,Mozambique Metical,MZN,
110,Kyat,MMK,
111,Namibia Dollar,NAD,
112,Nepalese Rupee,NPR,
113,Cordoba Oro,NIO,
114,Naira,NGN,
115,Rial Omani,OMR,
116,Pakistan Rupee,PKR,
117,Balboa,PAB,
118,Kina,PGK,
119,Guarani,PYG,
120,Nuevo Sol,PEN,
121,Philippine Peso,PHP,
122,Zloty,PLN,
123,Qatari Rial,QAR,
124,Denar,MKD,
125,Romanian Leu,RON,
126,Russian Ruble,RUB,
127,Rwanda Franc,RWF,
128,Saint Helena Pound,SHP,
129,Tala,WST,
130,Dobra,STN,
131,Saudi Riyal,SAR,
132,Serbian Dinar,RSD,
133,Seychelles Rupee,SCR,
134,Leone,SLL,
135,Singapore Dollar,SGD,
136,Sucre,XSU,
137,Solomon Islands Dollar,SBD,
138,Somali Shilling,SOS,
139,South Sudanese Pound,SSP,
140,Sri Lanka Rupee,LKR,
141,Sudanese Pound,SDG,
142,Surinam Dollar,SRD,
143,Lilangeni,SZL,
144,Swedish Krona,SEK,
145,WIR Euro,CHE,
146,WIR Franc,CHW,
147,Syrian Pound,SYP,
148,New Taiwan Dollar,TWD,
149,Somoni,TJS,
150,Tanzanian Shilling,TZS,
151,Baht,THB,
152,Pa�anga,TOP,
153,Trinidad and Tobago Dollar,TTD,
154,Tunisian Dinar,TND,
155,Turkish Lira,TRY,
156,Turkmenistan New Manat,TMT,
157,Uganda Shilling,UGX,
158,Hryvnia,UAH,
159,UAE Dirham,AED,
160,US Dollar (Next day),USN,
161,Uruguay Peso en Unidades Indexadas (URUIURUI),UYI,
162,Peso Uruguayo,UYU,
163,Uzbekistan Sum,UZS,
164,Vatu,VUV,
165,Bolivar,VEF,
166,Dong,VND,
167,Yemeni Rial,YER,
168,Zambian Kwacha,ZMW,
169,Zimbabwe Dollar,ZWL,
170,Pence Sterling,GBp,100
