id,provider,rating,ig,composite
1,sp,AAA,TRUE,AAA
2,sp,AA+,TRUE,AA+
3,sp,AA,TRUE,AA
4,sp,AA-,TRUE,AA-
5,sp,A+,TRUE,A+
6,sp,A,TRUE,A
7,sp,A-,TRUE,A-
8,sp,BBB+,TRUE,BBB+
9,sp,BBB,TRUE,BBB
10,sp,BBB-,TRUE,BBB-
11,sp,BB+,FALSE,BB+
12,sp,BB,FALSE,BB
13,sp,BB-,FALSE,BB-
14,sp,B+,FALSE,B+
15,sp,B,FALSE,B
16,sp,B-,FALSE,B-
17,sp,CCC+,FALSE,CCC+
18,sp,CCC,FALSE,CCC
19,sp,CCC-,FALSE,CCC-
20,sp,CC,FALSE,CC
21,sp,C,FALSE,C
22,sp,D,FALSE,D
23,sp,NR,FALSE,NA
24,sp,NA,FALSE,NA
25,sp,SD,FALSE,NA
26,sp,NM,FALSE,NA
27,sp,R,FALSE,NA
28,moodys,Aaa,TRUE,AAA
29,moodys,Aa1,TRUE,AA+
30,moodys,Aa2,TRUE,AA
31,moodys,Aa3,TRUE,AA-
32,moodys,A1,TRUE,A+
33,moodys,A2,TRUE,A
34,moodys,A3,TRUE,A-
35,moodys,Baa1,TRUE,BBB+
36,moodys,Baa2,TRUE,BBB
37,moodys,Baa3,TRUE,BBB-
38,moodys,Ba1,FALSE,BB+
39,moodys,Ba2,FALSE,BB
40,moodys,Ba3,FALSE,BB-
41,moodys,B1,FALSE,B+
42,moodys,B2,FALSE,B
43,moodys,B3,FALSE,B-
44,moodys,Caa1,FALSE,CCC+
45,moodys,Caa2,FALSE,CCC
46,moodys,Caa3,FALSE,CCC-
47,moodys,Ca,FALSE,CC
48,moodys,C,FALSE,C
49,moodys,NR,FALSE,NA
50,moodys,NA,FALSE,NA
51,moodys,Caa,FALSE,NA
52,moodys,WR,FALSE,NA
53,fitch,AAA,TRUE,AAA
54,fitch,AA+,TRUE,AA+
55,fitch,AA,TRUE,AA
56,fitch,AA-,TRUE,AA-
57,fitch,A+,TRUE,A+
58,fitch,A,TRUE,A
59,fitch,A-,TRUE,A-
60,fitch,BBB+,TRUE,BBB+
61,fitch,BBB,TRUE,BBB
62,fitch,BBB-,TRUE,BBB-
63,fitch,BB+,FALSE,BB+
64,fitch,BB,FALSE,BB
65,fitch,BB-,FALSE,BB-
66,fitch,B+,FALSE,B+
67,fitch,B,FALSE,B
68,fitch,B-,FALSE,B-
69,fitch,CCC+,FALSE,CCC+
70,fitch,CCC,FALSE,CCC
71,fitch,CCC-,FALSE,CCC-
72,fitch,CC,FALSE,CC
73,fitch,C,FALSE,C
74,fitch,DDD,FALSE,D
75,fitch,DD,FALSE,D
76,fitch,RD,FALSE,NA
77,fitch,D,FALSE,D
78,fitch,NR,FALSE,NA
79,fitch,NA,FALSE,NA
80,fitch,WD,FALSE,NA
81,fitch,PIF,FALSE,NA
82,bbg,AAA,TRUE,AAA
83,bbg,AA+,TRUE,AA+
84,bbg,AA,TRUE,AA
85,bbg,AA-,TRUE,AA-
86,bbg,A+,TRUE,A+
87,bbg,A,TRUE,A
88,bbg,A-,TRUE,A-
89,bbg,BBB+,TRUE,BBB+
90,bbg,BBB,TRUE,BBB
91,bbg,BBB-,TRUE,BBB-
92,bbg,BB+,FALSE,BB+
93,bbg,BB,FALSE,BB
94,bbg,BB-,FALSE,BB-
95,bbg,B+,FALSE,B+
96,bbg,B,FALSE,B
97,bbg,B-,FALSE,B-
98,bbg,CCC+,FALSE,CCC+
99,bbg,CCC,FALSE,CCC
100,bbg,CCC-,FALSE,CCC-
101,bbg,CC+,FALSE,CC+
102,bbg,CC,FALSE,CC
103,bbg,CC-,FALSE,CC-
104,bbg,C+,FALSE,C+
105,bbg,C,FALSE,C
106,bbg,C-,FALSE,C-
107,bbg,DDD+,FALSE,DDD+
108,bbg,DDD,FALSE,DDD
109,bbg,DDD-,FALSE,DDD-
110,bbg,DD+,FALSE,DD+
111,bbg,DD,FALSE,DD
112,bbg,DD-,FALSE,DD-
113,bbg,D+,FALSE,D+
114,bbg,D,FALSE,D
115,bbg,D-,FALSE,D-
116,bbg,NR,FALSE,NA
117,bbg,WR,FALSE,NA
118,dbrs,AAA,TRUE,AAA
119,dbrs,AAH,TRUE,AA+
120,dbrs,AA,TRUE,AA
121,dbrs,AAL,TRUE,AA-
122,dbrs,AH,TRUE,A+
123,dbrs,A,TRUE,A
124,dbrs,AL,TRUE,A-
125,dbrs,BBBH,TRUE,BBB+
126,dbrs,BBB,TRUE,BBB
127,dbrs,BBBL,TRUE,BBB-
128,dbrs,BBH,FALSE,BB+
129,dbrs,BB,FALSE,BB
130,dbrs,BBL,FALSE,BB-
131,dbrs,BH,FALSE,B+
132,dbrs,B,FALSE,B
133,dbrs,BL,FALSE,B-
134,dbrs,CCCH,FALSE,CCC+
135,dbrs,CCC,FALSE,CCC
136,dbrs,CCCL,FALSE,CCC-
137,dbrs,CCH,FALSE,CC+
138,dbrs,CC,FALSE,CC
139,dbrs,CCL,FALSE,CC-
140,dbrs,CH,FALSE,C+
141,dbrs,C,FALSE,C
142,dbrs,CL,FALSE,C-
143,dbrs,D,FALSE,D
144,dbrs,NR,FALSE,NA
145,dbrs,WR,FALSE,NA
146,dbrs,SD,FALSE,NA
