{
  "type": "MB",
  "name": "AUD_Bond_10y_Fut",
  "target": {
    "name": "AUD_Bond_10y_Fut_shift1",
    "prediction_lag": 1,
    "logreturn": false,
    "transform": "make_pipeline(StandardScaler(with_mean=False), Clipper(-3, 3))"
  },
  "features_transform": {
    "pass_through": {
      "names": [
                "AUD_Equity_DivYld",
                "AUD_EqBond_Corr",
                "Mahalanobis_Turbulence",
                "Next_week_is_Monthend",
                "AUD_Bond_10y_Fut_Accel",
                "AUD_10y_model_resid_ma",
                "AUD_House_prices_Chg6"
      ],
      "transform": "make_pipeline(StandardScaler(), Clipper(-8, 8))"
    },
    "diff": {
      "names": [
                "FX_AUD",
                "AUD_vs_US_&_CAD_10y",
                "US_vs_EM_Equity_52w",
                "US_Breakeven1",
                "US_Swaption_3m10y",
                "AUD_Bond_10y_Fut",
                "US_Bond_10y_Fut"
      ],
      "transform": "make_pipeline(Difference(1), StandardScaler(), Clipper(-8, 8))"
    },
    "PCA": [
      "CH_Growth",
      "US_Risk"
    ],
    "PCA_diff": [
      "AUD_FCI"
    ],
    "data_startsfrom": "2005-06-17",
    "clip_level": 8
  },
  "model": {
        "activation": "selu",
        "batch_size": 1000,
        "batchnorm": true,
        "batchnorm_trainable": true,
        "batchnorm_training": false,
        "dropout": 0.1,
        "epochs": 300,
        "lookback_periods": 9,
        "loss": "mse",
        "nodes": 10,
        "optimizer": "adam",
        "recurrent_dropout": 0.3,
        "regularizer_l1": 0.0,
        "regularizer_l2": 0.04,
        "type": "GruModel",
        "use_bias": false
  },
  "data_splitter": {
    "expanding": 0,
    "test_size": 13,
    "initial_training_size": 320
  },
  "ensemble": {
    "type": "bagging",
    "agg_fn": null,
    "n_estimators": 30,
    "max_samples": null
  },
  "windowframe": {},
  "strategy": {
    "t_costs": 0.0005,
    "c": null,
    "threshold": 0.001,
    "type": "ThresholdSignStrategy",
    "pred_agg_fn": "mean"
  },
   "charting": ["TrainChart", "ShapChart"]
}