{
    "data_splitter": {
        "expanding": 0,
        "initial_training_size": 400,
        "test_size": 13
    },
    "ensemble": {
        "agg_fn": null,
        "max_samples": null,
        "n_estimators": 30,
        "type": "bagging"
    },
    "features_transform": {
        "PCA": [
            "GLOB_Risk"
        ],
        "PCA_diff": [
            "AUD_Growth"
        ],
        "clip_level": 8,
        "data_startsfrom": "2005-06-17",
        "diff": {
            "names": [
                "GLOB_Equity",
                "GLOB_CFTC_Oil",
                "US_Equity_Vol"
            ],
            "transform": "make_pipeline(Difference(1), StandardScaler(),Clipper(-8, 8))"
        },
        "pass_through": {
            "names": [
                "US_2y_v_OIS_Zsc",
                "AUD_erp",
                "US_CECI",
                "US_Policy_Uncertainty_MA2",
                "AUD_vs_CAD_Equity_Residual"
            ],
            "transform": "make_pipeline(StandardScaler(), Clipper(-8, 8))"
        }
    },
    "model": {
        "activation": "selu",
        "batch_size": 1200,
        "batchnorm": true,
        "batchnorm_trainable": true,
        "batchnorm_training": false,
        "dropout": 0.2,
        "epochs": 175,
        "lookback_periods": 13,
        "loss": "mse",
        "nodes": 10,
        "optimizer": "adam",
        "recurrent_dropout": 0.3,
        "regularizer_l1": 0.0001,
        "regularizer_l2": 0.03,
        "type": "GruModel",
        "use_bias": false,
        "_exclude_dates": [["2008-04-01", "2009-09-01"], ["2020-02-01", "2020-08-01"]]
    },
    "strategy": {
        "t_costs": 0.00015,
        "c": null,
        "threshold": 0.0015,
        "type": "ThresholdSignStrategy",
        "pred_agg_fn": "mean"
    },
    "target": {
        "logreturn": true,
        "name": "AUD_Equity_Fut_shift1",
        "prediction_lag": 1,
        "transform": "make_pipeline(StandardScaler(with_mean=False), Clipper(-3, 3))"
    },
    "name": "AUD_Equity_Fut",
    "type": "MB",
    "windowframe": {},
    "charting": ["TrainChart", "ShapChart"]
}