{
    "data_splitter": {
        "expanding": 1,
        "initial_training_size": 320,
        "test_size": 13
    },
    "features_transform": {
        "PCA": [
        ],
        "PCA_diff": [
        ],
        "clip_level": 8,
        "data_startsfrom": "2005-06-17",
        "diff": {
            "names": [
                "CAD_Bond_10y_2y",
                "CAD_USH_ForYieldSp",
                "CAD_2y_v_OIS"
            ],
            "transform": "make_pipeline(Difference(1), StandardScaler(), Clipper(-8, 8))"
        },
        "pass_through": {
            "names": [
                "GLOB_Ind_metals_Chg13",
                "US_Bond_CFTC",
                "US_CFTC_Bond_10y"
            ],
            "transform": "make_pipeline(StandardScaler(), Clipper(-8, 8))"
        },
        "raw": {
            "names": [
                "CDR_M_5_7_8_11",
                "Next_week_is_not_Monthend"
            ],
            "transform": "passthrough"
        }
    },
    "model": {
        "lags": [0],
        "type": "LinearRegression",
        "fit_intercept": false
    },
    "strategy": {
        "c": null,
        "pred_agg_fn": "mean",
        "t_costs": 0.0001,
        "threshold": 0.0002,
        "type": "ThresholdSignStrategy"
    },
    "target": {
        "logreturn": true,
        "name": "CAD_Bond_10y_Fut",
        "prediction_lag": 1,
        "transform": "make_pipeline(StandardScaler(with_mean=False), Clipper(-3, 3))"
    },
    "name": "CAD_Bond_10y_Fut_linreg",
    "type": "MB",
    "windowframe": {},
    "charting": ["LinRegChart"]
}