{
    "data_splitter": {
        "expanding": 1,
        "initial_training_size": 375,
        "test_size": 13
    },
    "ensemble": {
        "agg_fn": null,
        "max_samples": null,
        "n_estimators": 30,
        "type": "bagging"
    },
    "features_transform": {
        "PCA": [
        ],
        "PCA_diff": [
        ],
        "clip_level": 8,
        "data_startsfrom": "2005-06-17",
        "diff": {
            "names": [
                "US_TradePolicy_Uncertainty",
                "CAD_eps"
            ],
            "transform": "make_pipeline(Difference(1), StandardScaler(),Clipper(-8, 8))"
        },
        "pass_through": {
            "names": [
                "US_2y_v_OIS",
                "eq_per_flows_USA",
                "GLOB_Ind_metals_Chg13",
                "US_Equity_Vol",
                "CAD_erp",
                "US_AAII_Bear"
            ],
            "transform": "make_pipeline(StandardScaler(), Clipper(-8, 8))"
        }
    },
    "name": "CAD_Equity_Fut2",
    "model": {
        "activation": "selu",
        "batch_size": 1000,
        "batchnorm": true,
        "batchnorm_trainable": true,
        "batchnorm_training": false,
        "dropout": 0.2,
        "epochs": 275,
        "lookback_periods": 13,
        "loss": "mse",
        "nodes": 8,
        "optimizer": "adam",
        "recurrent_dropout": 0.3,
        "regularizer_l1": 0.0,
        "regularizer_l2": 0.03,
        "type": "GruModel",
        "use_bias": false
    },
    "strategy": {
        "t_costs": 0.0002,
        "threshold": 0.0015,
        "type": "ThresholdSignStrategy",
        "pred_agg_fn": "mean"
    },
    "target": {
        "logreturn": true,
        "name": "CAD_Equity_Fut",
        "prediction_lag": 1,
        "transform": "make_pipeline(StandardScaler(with_mean=False), Clipper(-3, 3))"
    },
    "trade": {
        "t_cost": 0.0001
    },
    "type": "MB",
    "windowframe": {},
    "charting": ["TrainChart", "ShapChart"]
}