{
    "data_splitter": {
        "expanding": 1,
        "initial_training_size": 5,
        "test_size": 13
    },
    "features_transform": {
        "PCA": [
        ],
        "PCA_diff": [
        ],
        "clip_level": 8,
        "data_startsfrom": "2006-04-17",
        "diff": {
            "names": [
                "CAD_Bond_10y_2y",
                "CAD_Bond_10y_5y"
            ],
            "transform": "Difference(1)"
        },
        "diff_neg": {
            "names": ["CAD_USH_ForYieldSp"],
            "transform": "make_pipeline(Difference(1), MultiplyByConstant(-1))"
        },
        "pass_through": {
            "names": [
                "Next_week_is_not_Monthend",
                "US_CB_Bal_Chg5",
                "CDR_M_5_7_8_11"
            ],
            "transform": "passthrough"
        },
        "passthrough_neg": {
            "names": [
                "US_JPM_CPI_Forec_Rev_bfna_Chg13",
                "GLOB_Ind_metals_Chg13",
                "US_Bond_CFTC",
                "US_CFTC_Bond_10y",
                "GLOB_Oil_Chg52",
                "US_NFP_Ov200"
            ],
            "transform": "MultiplyByConstant(-1)"
        }
    },
    "model": {
        "lags": [0],
        "type": "Rule"
    },
    "strategy": {
        "c": null,
        "t_costs": 0.0001,
        "threshold": 0.000,
        "type": "ContThresholdSignStrategy",
        "signal_agg_fn": "lambda x: np.sign(x.median(axis=1))"
    },
    "target": {
        "logreturn": true,
        "name": "CAD_Bond_10y_Fut",
        "prediction_lag": 1,
        "transform": "make_pipeline(StandardScaler(with_mean=False), Clipper(-3, 3))"
    },
    "name": "CAD_Bond_10y_Fut_rule",
    "type": "MB",
    "windowframe": {},
    "charting": ["LinRegChart"]
}