{
    "data_splitter": {
        "expanding": 1,
        "initial_training_size": 375,
        "test_size": 13
    },
    "features_transform": {
        "PCA": [],
        "PCA_diff": [],
        "clip_level": 8,
        "data_startsfrom": "2005-06-17",
        "diff": {
            "names": [
                "US_TradePolicy_Uncertainty",
                "CAD_eps"
            ],
            "transform": "make_pipeline(Difference(1), StandardScaler(),Clipper(-8, 8))"
        },
        "pass_through": {
            "names": [
                "eq_per_flows_USA",
                "GLOB_Ind_metals_Chg13",
                "US_Equity_Vol",
                "CAD_erp"
            ],
            "transform": "make_pipeline(StandardScaler(), Clipper(-8, 8))"
        }
    },
    "name": "CAD_Equity_Fut_linreg_medsignal",
    "model": {
        "lags": [0],
        "type": "LinearRegression",
        "fit_intercept": true
    },
    "strategy": {
        "t_costs": 0.00015,
        "c": null,
        "threshold": 0.00,
        "type": "ContThresholdSignStrategy",
        "signal_agg_fn": "lambda x: np.sign(x.median(axis=1))"
    },
    "target": {
        "logreturn": true,
        "name": "CAD_Equity_Fut",
        "prediction_lag": 1,
        "transform": "make_pipeline(StandardScaler(with_mean=False), Clipper(-3, 3))"
    },
    "type": "MB",
    "windowframe": {},
    "charting": ["LinRegChart"]
}