{
    "data_splitter": {
        "expanding": 1,
        "initial_training_size": 320,
        "test_size": 13
    },
    "ensemble": {
        "agg_fn": null,
        "max_samples": null,
        "n_estimators": 30,
        "type": "bagging"
    },
    "features_transform": {
        "PCA": [
        ],
        "PCA_diff": [
        ],
        "clip_level": 8,
        "data_startsfrom": "2005-06-17",
        "diff": {
            "names": [
                "CAD_Bond_10y_2y",
                "CAD_Bond_10y_5y",
                "CH_ISI_Sales_Survery",
                "Ind_metal_vs_gold"
            ],
            "transform": "make_pipeline(Difference(1), StandardScaler(), Clipper(-8, 8))"
        },
        "pass_through": {
            "names": [
                "Next_week_is_Monthend",
                "US_CFTC_Bond_10y",
                "US_NFP"
            ],
            "transform": "make_pipeline(StandardScaler(), Clipper(-8, 8))"
        },
        "raw": {
            "names": [
                "CDR_M_5_7_8_11",
                "US_Bond_10y_RC"
            ],
            "transform": "passthrough"
        }
    },
    "model": {
        "activation": "selu",
        "batch_size": 1000,
        "batchnorm": true,
        "batchnorm_trainable": true,
        "batchnorm_training": false,
        "dropout": 0.1,
        "epochs": 150,
        "lookback_periods": 10,
        "loss": "mse",
        "nodes": 10,
        "_exclude_dates": [["2008-06-01", "2009-06-01"], ["2020-02-01", "2020-06-01"]],
        "optimizer": "adam",
        "recurrent_dropout": 0.1,
        "regularizer_l1": 0.0,
        "regularizer_l2": 0.001,
        "type": "GruModel",
        "use_bias": true
    },
    "strategy": {
        "c": null,
        "pred_agg_fn": "mean",
        "t_costs": 0.0001,
        "threshold": 0.0002,
        "type": "ThresholdSignStrategy"
    },
    "target": {
        "logreturn": true,
        "name": "CAD_Bond_10y_Fut",
        "prediction_lag": 1,
        "transform": "make_pipeline(StandardScaler(with_mean=False), Clipper(-3, 3))"
    },
    "name": "CAD_Bond_10y_Fut",
    "type": "MB",
    "windowframe": {},
    "charting": ["TrainChart", "ShapChart"]
}