{
    "data_splitter": {
        "expanding": 1,
        "initial_training_size": 275,
        "test_size": 13
    },
    "ensemble": {
        "agg_fn": null,
        "max_samples": null,
        "n_estimators": 30,
        "type": "bagging"
    },
    "features_transform": {
        "PCA": [],
        "PCA_diff": [
        ],
        "clip_level": 8,
        "data_startsfrom": "2005-06-17",
        "diff": {
            "names": [
                "US_ForYieldSp",
                "EM_erp",
                "EM_Equity_Fut",
                "US_Freight"
            ],
            "transform": "make_pipeline(Difference(1), StandardScaler(),Clipper(-8, 8))"
        },
        "pass_through": {
            "names": [
                "GLOB_Ind_metals_Chg13",
                "US_2y_v_OIS_Zsc",
                "bond_per_flows_USA_All",
                "GLOB_EM_HCSp_Zsc",
                "CH_TSF_6mdiff_36mz"
            ],
            "transform": "make_pipeline(StandardScaler(), Clipper(-8, 8))"
        }
    },
    "name": "EM_Equity_Fut",
    "model": {
        "activation": "selu",
        "batch_size": 1200,
        "batchnorm": true,
        "batchnorm_trainable": true,
        "batchnorm_training": false,
        "decay": null,
        "dropout": 0.2,
        "epochs": 175,
        "lookback_periods": 13,
        "loss": "mse",
        "nodes": 6,
        "optimizer": "adam",
        "recurrent_dropout": 0.2,
        "regularizer_l1": 0.001,
        "regularizer_l2": 0.03,
        "type": "GruModel",
        "use_bias": false
    },
    "strategy": {
        "t_costs": 0.00015,
        "threshold": 0.001,
        "type": "ThresholdSignStrategy",
        "pred_agg_fn": "mean"
    },
    "target": {
        "logreturn": true,
        "name": "EM_Equity_Fut",
        "prediction_lag": 1,
        "transform": "make_pipeline(StandardScaler(with_mean=False), Clipper(-3, 3))"
    },
    "type": "MB",
    "windowframe": {},
    "charting": ["TrainChart", "ShapChart"]
}