{
    "data_splitter": {
        "expanding": 0,
        "initial_training_size": 300,
        "test_size": 13
    },
    "ensemble": {
        "agg_fn": null,
        "max_samples": null,
        "n_estimators": 30,
        "type": "bagging"
    },
    "features_transform": {
        "PCA": [
        ],
        "PCA_diff": [
        ],
        "clip_level": 6,
        "data_startsfrom": "2005-06-17",
        "diff": {
            "names": [
                "EMU_Equity_Vol",
                "EMU_ForYieldSp",
                "EMU_55yBE_vs18_plus_55yBEdiff3m_Ch",
                "EMU_vs_Ger_30_weighted_Ch",
                "EMU_Buxl_Fut",
                "GLOB_FRBNY_GSCPI"
            ],
            "transform": "make_pipeline(Difference(1), StandardScaler(),Clipper(-6, 6))"
        },
        "pass_through": {
            "names": [
                "EUR_5_10_30_fly_zsc",
                "Emu_Buxl_Fut_RC"
            ],
            "transform": "make_pipeline(StandardScaler(), Clipper(-8, 8))"
        }
    },
    "name": "EMU_Buxl_Fut",
    "model": {
        "activation": "selu",
        "batch_size": 1200,
        "batchnorm": true,
        "batchnorm_trainable": true,
        "batchnorm_training": false,
        "dropout": 0.0,
        "epochs": 150,
        "lookback_periods": 9,
        "loss": "mse",
        "nodes": 9,
        "optimizer": "adam",
        "recurrent_dropout": 0.2,
        "regularizer_l1": 0.0,
        "regularizer_l2": 0.04,
        "type": "GruModel",
        "use_bias": false
    },
    "strategy": {
        "c": null,
        "pred_agg_fn": "mean",
        "t_costs": 0.0001,
        "threshold": 0.0015,
        "type": "ThresholdSignStrategy"
    },
    "target": {
        "logreturn": false,
        "name": "EMU_Buxl_Fut",
        "prediction_lag": 1,
        "transform": "make_pipeline(StandardScaler(with_mean=False), Clipper(-3, 3))"
    },
    "type": "MB",
    "windowframe": {},
    "charting": ["TrainChart", "ShapChart"]
}