{
    "data_splitter": {
        "expanding": 0,
        "initial_training_size": 250,
        "test_size": 13
    },
    "ensemble": {
        "agg_fn": null,
        "max_samples": null,
        "n_estimators": 30,
        "type": "bagging"
    },
    "features_transform": {
        "PCA": [
        ],
        "PCA_diff": [
            "GLOB_Growth",
            "CH_Growth"
        ],
        "clip_level": 8,
        "data_startsfrom": "2005-06-17",
        "diff": {
            "names": [
                "EMU_EC_Bus",
                "EMU_Retail_Sales",
                "GLOB_Ind_metals",
                "GLOB_JPM_GDP_Forec_Rev",
                "EMU_Swap_3m_2y"
            ],
            "transform": "make_pipeline(Difference(1), StandardScaler(),Clipper(-8, 8))"
        },
        "pass_through": {
            "names": [
                "EMU_Credit_con",
                "EMU_Equity_Fut_RSI",
                "US_OIS_2Y3M_BH"
            ],
            "transform": "make_pipeline(StandardScaler(), Clipper(-8, 8))"
        }
    },
    "name": "EMU_Equity_Fut",
    "model": {
        "activation": "selu",
        "batch_size": 1200,
        "batchnorm": true,
        "batchnorm_trainable": true,
        "batchnorm_training": false,
        "decay": null,
        "dropout": 0.1,
        "epochs": 200,
        "lookback_periods": 7,
        "loss": "mse",
        "nodes": 11,
        "optimizer": "adam",
        "recurrent_dropout": 0.3,
        "regularizer_l1": 0.003,
        "regularizer_l2": 0.03,
        "shuffle": false,
        "type": "GruModel",
        "use_bias": false
    },
    "strategy": {
        "t_costs": 0.0001,
        "c": null,
        "threshold": 0.0015,
        "type": "ThresholdSignStrategy",
        "pred_agg_fn": "mean"
    },
    "target": {
        "logreturn": true,
        "name": "EMU_Equity_Fut",
        "prediction_lag": 1,
        "transform": "make_pipeline(StandardScaler(with_mean=False), Clipper(-3, 3))"
    },
    "type": "MB_training",
    "windowframe": {
    },
    "charting": ["TrainChart", "ShapChart"]
}