{
    "data_splitter": {
        "expanding": 1,
        "initial_training_size": 337,
        "test_size": 13
    },
    "ensemble": {
        "agg_fn": null,
        "max_samples": null,
        "n_estimators": 30,
        "type": "bagging"
    },
    "features_transform": {
        "PCA": [
            "GLOB_Risk"
        ],
        "PCA_diff": [
        ],
        "clip_level": 8,
        "data_startsfrom": "2005-06-17",
        "diff": {
            "names": [
                "FX_AUD_TR",
                "AUD_xccy5y",
                "FX_Commod_EM_TR",
                "AUD_USH_ForYieldSp",
                "AUD_vs_US_&_CAD_10y",
                "US_vs_EM_Equity_52w"
            ],
            "transform": "make_pipeline(Difference(1), StandardScaler(),Clipper(-8, 8))"
        },
        "pass_through": {
            "names": [
                "AUD_vs_US_3m2y",
                "AUD_2y_v_3m_ZSc100",
                "AUDUS_Equity_Chg13",
                "GLOB_PMI_man"
            ],
            "transform": "make_pipeline(StandardScaler(), Clipper(-8, 8))"
        }
    },
    "name": "FX_AUD_TR",
    "model": {
        "activation": "selu",
        "batch_size": 1000,
        "batchnorm": true,
        "batchnorm_trainable": true,
        "batchnorm_training": false,
        "dropout": 0.0,
        "epochs": 250,
        "lookback_periods": 13,
        "loss": "mse",
        "nodes": 10,
        "optimizer": "adam",
        "recurrent_dropout": 0.2,
        "regularizer_l1": 0.0,
        "regularizer_l2": 0.07,
        "type": "GruModel",
        "use_bias": false
    },
    "strategy": {
        "t_costs": 0.0002,
        "c": null,
        "threshold": 0.001,
        "type": "ThresholdSignStrategy",
        "pred_agg_fn": "mean"
    },
    "target": {
        "logreturn": true,
        "name": "FX_AUD_TR",
        "prediction_lag": 1,
        "transform": "make_pipeline(StandardScaler(with_mean=False), Clipper(-3, 3))"
    },
    "type": "MB",
    "windowframe": {},
    "charting": ["TrainChart", "ShapChart"]
}