{
    "data_splitter": {
        "expanding": 1,
        "initial_training_size": 383,
        "test_size": 13
    },
    "features_transform": {
        "PCA": [
        ],
        "PCA_diff": [
            "US_Risk"
        ],
        "clip_level": 8,
        "data_startsfrom": "2006-03-02",
        "diff": {
            "names": [
                "FX_CAD_TR",
                "CAD_Oil",
                "US_Bond_10y_2y",
                "Gold",
                "US_CAD_2y",
                "US_Equity_Fut",
                "CAD_Equity_Fut",
                "USCAD_erp"
            ],
            "transform": "make_pipeline(Difference(1), StandardScaler(),Clipper(-8, 8))"
        },
        "pass_through": {
            "names": [
                "US_2y_v_OIS_S_ZSc200",
                "US_CAD_Equity_Chg13",
                "FX_CAD_TR_RSI",
                "FX_CAD_TR_MASignal",
                "FX_CAD_Daily_Carry_Ann_ZSc100",
                "CAD_USH_ForYieldSp",
                "FX_CADMXN_Chg4d"
            ],
            "transform": "make_pipeline(StandardScaler(), Clipper(-8, 8))"
        }
    },
    "name": "FX_CAD_TR_xgboost",
    "model": {
        "type": "XGBRegressor",
        "max_depth": 5,
        "lags": [0]
        },
    "strategy": {
        "t_costs": 0.00015,
        "c": null,
        "threshold": 0.001,
        "type": "ThresholdSignStrategy",
        "pred_agg_fn": "mean"
    },
    "target": {
        "logreturn": true,
        "name": "FX_CAD_TR",
        "prediction_lag": 1,
        "transform": "make_pipeline(StandardScaler(with_mean=False), Clipper(-3, 3))"
    },
    "type": "MB",
    "windowframe": {},
    "charting": ["BaseTrainChart", "ShapChart"]
}