{
    "data_splitter": {
        "expanding": 1,
        "initial_training_size": 383,
        "test_size": 13
    },
    "features_transform": {
        "PCA": [
        ],
        "PCA_diff": [
        ],
        "clip_level": 8,
        "data_startsfrom": "2005-06-17",
        "diff": {
            "names": [
                "FX_CAD_TR"
            ],
            "transform": "make_pipeline(Difference(1), StandardScaler(),Clipper(-8, 8))"
        },
        "pass_through": {
            "names": [
              "US_2y_v_OIS_S_ZSc200",
              "US_CAD_Equity_Chg13",
              "US_CPI_Core_ZSc52"
            ],
            "transform": "make_pipeline(StandardScaler(), Clipper(-8, 8))"
        }
    },
    "name": "FX_CAD_TR_linreg",
    "model": {
        "lags": [0],
        "type": "LinearRegression",
        "fit_intercept": false
    },
    "strategy": {
        "t_costs": 0.00015,
        "c": null,
        "threshold": 0.001,
        "type": "ThresholdSignStrategy",
        "pred_agg_fn": "mean"
    },
    "target": {
        "logreturn": true,
        "name": "FX_CAD_TR",
        "prediction_lag": 1,
        "transform": "make_pipeline(StandardScaler(with_mean=False), Clipper(-3, 3))"
    },
    "type": "MB",
    "windowframe": {},
    "charting": ["LinRegChart"]
}