{
    "data_splitter": {
        "expanding": 1,
        "initial_training_size": 293,
        "test_size": 13
    },
    "features_transform": {
        "PCA": [],
        "PCA_diff": [],
        "clip_level": 8,
        "data_startsfrom": "2005-04-17",
        "diff": {
            "names": [
                "FX_EURGBP_TR",
                "UK_Bond_30y",
                "UK_Inflation",
                "GLOB_CFTC_Oil",
                "UK_CESI"
            ],
            "transform": "make_pipeline(Difference(1), StandardScaler(),Clipper(-8, 8))"
        },
        "pass_through": {
            "names": [
                "UK_Citi_Econ_Fcst_Uncert",
                "UK_vs_EMU_Equity_diff",
                "GLOB_Oil_Chg13",
                "UK_vs_EMU_OIS_2y_ZSc150",
                "EMU_v_UK_Equity_Chg26"
            ],
            "transform": "make_pipeline(StandardScaler(), Clipper(-8, 8))"
        }
    },
    "name": "FX_EURGBP_TR_linreg",
    "model": {
        "fit_intercept": false,
        "lags": [
            0
        ],
        "type": "LinearRegression"
    },
    "strategy": {
        "t_costs": 0.0001,
        "c": null,
        "threshold": 0.001,
        "type": "ThresholdSignStrategy",
        "pred_agg_fn": "mean"
    },
    "target": {
        "logreturn": true,
        "name": "FX_EURGBP_TR",
        "prediction_lag": 1,
        "transform": "make_pipeline(StandardScaler(with_mean=False), Clipper(-3, 3))"
    },
    "type": "MB",
    "windowframe": {},
    "charting": ["LinRegChart"]
}
