{
    "data_splitter": {
        "expanding": 1,
        "initial_training_size": 364,
        "test_size": 13
    },
    "ensemble": {
        "agg_fn": null,
        "max_samples": null,
        "n_estimators": 30,
        "type": "bagging"
    },
    "features_transform": {
        "PCA": [],
        "PCA_diff": [
            "EMU_Growth"
        ],
        "clip_level": 8,
        "data_startsfrom": "2005-06-17",
        "diff": {
            "names": [
                "FX_EURSEK_TR",
                "FX_NOKSEK",
                "SEK_KIX",
                "GE_IFO_BS"
            ],
            "transform": "make_pipeline(Difference(1), StandardScaler(),Clipper(-8, 8))"
        },
        "pass_through": {
            "names": [
                "FX_EURSEK_TR_Chg4",
                "FX_EURSEK_TR_Accel",
                "EURSEK_RR_Diff3",
                "EMU_SEK_Equity_Diff",
                "FX_EURSEK_ZSc13",
                "GLOB_Metals_3m_Slope",
                "GLOB_JPPMI_NE_NO_3mzscore"
            ],
            "transform": "make_pipeline(StandardScaler(), Clipper(-8, 8))"
        }
    },
    "name": "FX_EURSEK_TR",
    "model": {
        "activation": "selu",
        "batch_size": 1000,
        "batchnorm": true,
        "batchnorm_trainable": true,
        "batchnorm_training": false,
        "decay": null,
        "dropout": 0.0,
        "epochs": 225,
        "lookback_periods": 17,
        "loss": "mse",
        "nodes": 12,
        "optimizer": "adam",
        "recurrent_dropout": 0.3,
        "regularizer_l1": 0.0003,
        "regularizer_l2": 0.04,
        "type": "GruModel",
        "use_bias": false
    },
    "strategy": {
        "t_costs": 0.00025,
        "c": null,
        "threshold": 0.001,
        "type": "ThresholdSignStrategy",
        "pred_agg_fn": "mean"
    },
    "target": {
        "logreturn": true,
        "name": "FX_EURSEK_TR",
        "prediction_lag": 1,
        "transform": "make_pipeline(StandardScaler(with_mean=False), Clipper(-3, 3))"
    },
    "type": "MB",
    "windowframe": {},
    "charting": ["TrainChart", "ShapChart"]
}