{
    "data_splitter": {
        "expanding": 1,
        "initial_training_size": 300,
        "test_size": 13
    },
    "ensemble": {
        "agg_fn": null,
        "max_samples": null,
        "n_estimators": 30,
        "type": "bagging"
    },
    "features_transform": {
        "PCA": [
        ],
        "PCA_diff": [
        ],
        "clip_level": 8,
        "data_startsfrom": "2005-04-17",
        "diff": {
            "names": [
                "FX_EURGBP_TR",
                "US_OIS_2Y3M_BH",
                "EMU_Swap_5y5y",
                "UK_Swap_5y5y",
                "UK_Bond_30y",
                "UK_Inflation",
                "EMU_xccy1y",
                "GLOB_CFTC_Oil",
                "EMU_CECI",
                "GLOB_CB_Bal",
                "GLOB_CECC",
                "UK_CESI",
                "EMU_CB_Bal",
                "UK_vs_EMU_OIS_2y",
                "UK_Libor_ois_3m",
                "EMU_Libor_ois_3m",
                "UK_vs_EMU_Equity_Vol"
            ],
            "transform": "make_pipeline(Difference(1), StandardScaler(),Clipper(-8, 8))"
        },
        "pass_through": {
            "names": [
                "UK_Policy_Uncertainty_diff9",  
                "EMU_vs_UK_ERP",  
                "Days_to_Monthend",  
                "GBP_vs_EUR_Butterfly",
                "UK_Citi_Econ_Fcst_Uncert",
                "GBP_vs_EUR_fx_Vol",
                "UK_vs_EMU_Equity_diff"
            ],
            "transform": "make_pipeline(StandardScaler(), Clipper(-8, 8))"
        }
    },
    "name": "FX_EURGBP_TR",
    "model": {
        "activation": "selu",
        "batch_size": 1000,
        "batchnorm": true,
        "batchnorm_trainable": true,
        "batchnorm_training": false,
        "dropout": 0.0,
        "epochs": 250,
        "lookback_periods": 27,
        "loss": "mse",
        "nodes": 10,
        "optimizer": "adam",
        "recurrent_dropout": 0.5,
        "regularizer_l1": 0.0,
        "regularizer_l2": 0.05,
        "type": "GruModel",
        "use_bias": false
    },
    "strategy": {
        "t_costs": 0.0001,
        "c": null,
        "threshold": 0.001,
        "type": "ThresholdSignStrategy",
        "pred_agg_fn": "mean"
    },
    "target": {
        "logreturn": true,
        "name": "FX_EURGBP_TR",
        "prediction_lag": 1,
        "transform": "make_pipeline(StandardScaler(with_mean=False), Clipper(-3, 3))"
    },
    "type": "MB",
    "windowframe": {},
    "charting": ["TrainChart", "ShapChart"]
}
