{
    "data_splitter": {
        "expanding": 1,
        "initial_training_size": 5,
        "test_size": 13
    },
    "features_transform": {
        "PCA": [],
        "PCA_diff": [],
        "clip_level": 8,
        "data_startsfrom": "2006-04-17",
        "diff": {
            "names": [
            ],
            "transform": "Difference(1)"
        },
        "diff_neg": {
            "names": [
                "FX_EUR_TR",
                "EM_Risk_index",
                "US_Equity_Vol"
            ],
            "transform": "make_pipeline(Difference(1), MultiplyByConstant(-1))"
        },
        "pass_through": {
            "names": [
                "FX_EUR_Daily_Carry_Ann",
                "CFTC_EUR_NonComm_NOI",
                "EMU_US_10y_Chg13"
            ],
            "transform": "passthrough"
        },
        "passthrough_neg": {
            "names": [
                "US_NFP_Ov200",
                "US_CPI_Core_ZSc52",
                "US_2y_v_OIS_Zsc"
            ],
            "transform": "MultiplyByConstant(-1)"
        }
    },
    "model": {
        "lags": [0],
        "type": "Rule"
    },
    "strategy": {
        "c": null,
        "signal_agg_fn": "lambda x: np.sign(x.median(axis=1))",
        "t_costs": 0.0001,
        "threshold": 0.0,
        "type": "ContThresholdSignStrategy"
    },
    "target": {
        "logreturn": true,
        "name": "FX_EUR_TR",
        "prediction_lag": 1,
        "transform": "make_pipeline(StandardScaler(with_mean=False), Clipper(-3, 3))"
    },
    "name": "FX_EUR_TR_rule",
    "type": "MB",
    "windowframe": {},
    "charting": ["LinRegChart"]
}