{
    "accessors_fn": "train_and_shap",
    "data_splitter": {
        "expanding": 0,
        "initial_training_size": 350,
        "test_size": 8
    },
    "ensemble": {
        "agg_fn": null,
        "max_samples": null,
        "n_estimators": 30,
        "n_jobs": -1,
        "type": "bagging"
    },
    "features_transform": {
        "PCA": [
        ],
        "PCA_diff": [],
        "clip_level": 8,
        "data_startsfrom": "2005-06-17",
        "diff": {
            "names": [],
            "transform": "make_pipeline(Difference(1), StandardScaler(),Clipper(-8, 8))"
        },
        "pass_through": {
            "names": [
                "EMU_CECI",
                "US_CECI",
                "EMU_CPI_Core",
                "FX_EUR_TR_RSI",
                "it_vs_ger_10y",
                "EUR_Butterfly",
                "EMU_vs_US_erp",
                "EMU_US_Equity_Diff"
            ],
            "transform": "make_pipeline(StandardScaler(), Clipper(-8, 8))"
        },
        "untransformed": {
             "names": [
                 "US_CPI_Core_ZSc52"
            ],
            "transform": "passthrough"
        }
    },
    "model": {
        "activation": "selu",
        "batch_size": null,
        "batchnorm": true,
        "batchnorm_trainable": true,
        "batchnorm_training": false,
        "dropout": 0.0,
        "epochs": 75,
        "lookback_periods": 26,
        "loss": "mse",
        "nodes": 8,
        "optimizer": "adam",
        "recurrent_dropout": 0.2,
        "regularizer_l1": 0.01,
        "regularizer_l2": 0.0,
        "type": "GruModel",
        "use_bias": false
    },
    "name": "FX_EUR_TR",
        "strategy": {
        "c": 0.1,
        "pred_agg_fn": "mean",
        "t_costs": 0.0001,
        "threshold": 0,
        "type": "ThresholdSignStrategy"
    },
    "target": {
        "logreturn": true,
        "name": "FX_EUR_TR",
        "prediction_lag": 1,
        "transform": "make_pipeline(StandardScaler(with_mean=False), Clipper(-3, 3))"
    },
 "type": "MB",
    "windowframe": {},
    "charting": ["TrainChart", "ShapChart"]
}