{
    "data_splitter": {
        "expanding": 1,
        "initial_training_size": 275,
        "test_size": 13
    },
    "ensemble": {
        "agg_fn": null,
        "max_samples": null,
        "n_estimators": 30,
        "type": "bagging"
    },
    "features_transform": {
        "PCA": [
        ],
        "PCA_diff": [
        ],
        "clip_level": 8,
        "data_startsfrom": "2005-06-17",
        "diff": {
            "names": [
                "FX_JPY",
                "JPN_USDJPY_Vol",
                "JPN_JPM_GDP_Forec"
            ],
            "transform": "make_pipeline(Difference(1), StandardScaler(),Clipper(-8, 8))"
        },
        "pass_through": {
            "names": [
                "GLOB_BPI_Chg13",
                "JPN_Bond_10y_ZSc",
                "JPY_XCCYBS_OIS_5y_zsc",
                "US_JPN_10vs30_hedged_zsc",
                "US_Swap_OIS_2y_diff"
            ],
            "transform": "make_pipeline(StandardScaler(), Clipper(-8, 8))"
        }
    },
    "name": "FX_JPY_TR",
    "model": {
        "activation": "selu",
        "batch_size": 1000,
        "batchnorm": true,
        "batchnorm_trainable": true,
        "batchnorm_training": false,
        "dropout": 0.2,
        "epochs": 250,
        "lookback_periods": 9,
        "loss": "mse",
        "nodes": 10,
        "optimizer": "adam",
        "recurrent_dropout": 0.3,
        "regularizer_l1": 0.0,
        "regularizer_l2": 0.03,
        "type": "GruModel",
        "use_bias": true
    },
    "strategy": {
        "t_costs": 0.0001,
        "c": null,
        "threshold": 0.001,
        "type": "ThresholdSignStrategy",
        "pred_agg_fn": "mean"
    },
    "target": {
        "logreturn": true,
        "name": "FX_JPY_TR",
        "prediction_lag": 1,
        "transform": "make_pipeline(StandardScaler(with_mean=False), Clipper(-3, 3))"
    },
    "type": "MB",
    "windowframe": {},
    "charting": ["TrainChart", "ShapChart"]
}