{
    "data_splitter": {
        "expanding": 1,
        "initial_training_size": 375,
        "test_size": 13
    },
    "ensemble": {
        "agg_fn": null,
        "max_samples": null,
        "n_estimators": 30,
        "type": "bagging"
    },
    "features_transform": {
        "PCA": [],
        "PCA_diff": [
        ],
        "clip_level": 8,
        "data_startsfrom": "2005-10-07",
        "diff": {
            "names": [
                "GLOB_Oil_S",
                "MXN_vs_EM_AUD_FX",
                "GLOB_CRB_S",
                "Gold",
                "USMXN_10y_S",
                "GLOB_Money_UT"
            ],
            "transform": "make_pipeline(Difference(1), StandardScaler(),Clipper(-8, 8))"
        },
        "pass_through": {
            "names": [
                "MXN_vs_EM_AUD_FX",
                "GLOB_Ind_metals_S_Chg13",
                "US_2y_v_OIS_S_ZSc200",
                "US_2y_v_OIS_S_Chg4",
                "USMXN_10y_S_ZSc200",
                "MXN_EM_Equity_Corr_Daily_Chg10"
            ],
            "transform": "make_pipeline(StandardScaler(), Clipper(-8, 8))"
        }
    },
    "name": "FX_MXN_TR",
    "model": {
        "activation": "selu",
        "batch_size": 1000,
        "batchnorm": false,
        "batchnorm_trainable": true,
        "batchnorm_training": false,
        "dropout": 0.1,
        "epochs": 150,
        "lookback_periods": 13,
        "loss": "mse",
        "nodes": 9,
        "optimizer": "adam",
        "recurrent_dropout": 0.2,
        "regularizer_l1": 0.001,
        "regularizer_l2": 0.03,
        "type": "GruModel",
        "use_bias": false
    },
    "strategy": {
        "t_costs": 0.0004,
        "threshold": 0.001,
        "type": "ThresholdSignStrategy",
        "pred_agg_fn": "mean"
    },
    "target": {
        "logreturn": true,
        "name": "FX_MXN_TR",
        "prediction_lag": 1,
        "transform": "make_pipeline(StandardScaler(with_mean=False), Clipper(-4, 4))"
    },
    "type": "MB",
    "windowframe": {},
    "charting": ["TrainChart", "ShapChart"]
}