{
    "data_splitter": {
        "expanding": 1,
        "initial_training_size": 300,
        "test_size": 13
    },
    "ensemble": {
        "agg_fn": null,
        "max_samples": null,
        "n_estimators": 30,
        "type": "bagging"
    },
    "features_transform": {
        "PCA": [],
        "PCA_diff": [
            "GLOB_Comdty"
        ],
        "clip_level": 6,
        "data_startsfrom": "2005-06-17",
        "diff": {
            "names": [
                "FX_NOK_TR",
                "GLOB_Oil",
                "FX_NOKSEK",
                "NOK_Equity",
                "NOK_EQNR_CDS10y",
                "NOK_Norges_RegnSurvey"
            ],
            "transform": "make_pipeline(Difference(1), StandardScaler(),Clipper(-6, 6))"
        },
        "pass_through": {
            "names": [
                "FX_EURNOK_Daily_Carry_Ann",
                "FX_EURNOK_TR_True_Range",
                "GLOB_Manu_vs_Serv_PMI",
                "NOK_Butterfly_Chg",
                "NOK_vs_EUR_Swap_5y_13w1w",
                "US_2y_v_OIS_ZSc52",
                "Avg_NOK_Chg",
                "GLOB_EM_JPM_GDP_Forec_Rev_ZSc52",
                "GLOB_Ind_metals_Chg13"
            ],
            "transform": "make_pipeline(StandardScaler(), Clipper(-6, 6))"
        }
    },
    "name": "FX_NOK_TR",
    "model": {
        "activation": "selu",
        "batch_size": 1000,
        "batchnorm": false,
        "batchnorm_trainable": true,
        "batchnorm_training": false,
        "dropout": 0.2,
        "epochs": 150,
        "lookback_periods": 13,
        "loss": "mse",
        "nodes": 5,
        "optimizer": "adam",
        "recurrent_dropout": 0.3,
        "regularizer_l1": 0.001,
        "regularizer_l2": 0.03,
        "type": "GruModel",
        "use_bias": false
    },
    "strategy": {
        "t_costs": 0.0004,
        "threshold": 0.001,
        "type": "ThresholdSignStrategy",
        "pred_agg_fn": "mean"
    },
    "target": {
        "logreturn": true,
        "name": "FX_NOK_TR",
        "prediction_lag": 1,
        "transform": "make_pipeline(StandardScaler(with_mean=False), Clipper(-5, 5))"
    },
    "type": "MB",
    "windowframe": {},
    "charting": ["TrainChart", "ShapChart"]
}