{
  "type": "MB",
  "name": "GLOB_BCOM_Index",
  "features_transform": {
    "PCA": [
    ],
    "PCA_diff": [
    ],
    "diff": {
      "names": [
        "US_Freight",
                "US_GSAI_Output Prices",
                "EM_Equity_Fut",
                "US_Equity"
      ],
      "transform": "make_pipeline(Difference(1), StandardScaler(),Clipper(-6, 6))"
    },
    "pass_through": {
      "names": [
                "US_CB_Bal_Chg6m",
                "BCOM_diff_ST_RC",
                "GLOB_Oil_2m5m_Slope_Avg3m",
                "GLOB_Oil_2m5m_Slope_resid",
                "Mahalanobis_Turbulence_Chg1m",
                "US_GSAI_Wages_3m_diff",
                "US_EqBond_Corr_zs",
                "US_10y_real_rc"
      ],
      "transform": "make_pipeline(StandardScaler(), Clipper(-6, 6))"
    },
    "raw": {
      "names": [
        "GLOB_EM_JPM_GDP_Forec_Rev_ZSc52_Sign",
        "US_EM_Equity_Ratio_ZSc_Sign",
        "GLOB_PMI_man_Over50"
      ],
      "transform": "passthrough"
    },
    "data_startsfrom": "2006-01-21",
    "clip_level": 8
  },
  "model": {
        "lags": 0,
        "activation": "selu",
        "batch_size": 1500,
        "batchnorm": true,
        "batchnorm_trainable": true,
        "batchnorm_training": false,
        "decay": 0.0,
        "dropout": 0.0,
        "epochs": 250,
        "lookback_periods": 15,
        "loss": "mae",
        "nodes": 10,
        "optimizer": "adam",
        "recurrent_dropout": 0.25,
        "regularizer_l1": 0.0001,
        "regularizer_l2": 0.025,
        "type": "GruModel",
        "use_bias": false
  },
  "data_splitter": {
    "expanding": 1,
    "initial_training_size": 424,
    "test_size": 13
  },
  "ensemble": {
    "type": "bagging",
    "agg_fn": null,
    "n_estimators": 30,
    "max_samples": null
  },
  "windowframe": {},
    "strategy": {
        "c": null,
        "pred_agg_fn": "mean",
        "t_costs": 0.0007,
        "threshold": 0.0015,
        "type": "ThresholdSignStrategy"
    },
    "target": {
        "isinputlog": false,
        "logreturn": false,
        "name": "GLOB_Comdty_BCOM",
        "prediction_lag": 1,
        "transform": "make_pipeline(StandardScaler(with_mean=False), Clipper(-3, 3))"
    },
   "charting": ["TrainChart", "ShapChart"]
}