{
    "data_splitter": {
        "expanding": 0,
        "initial_training_size": 411,
        "test_size": 13
    },
    "ensemble": {
        "agg_fn": null,
        "max_samples": null,
        "n_estimators": 30,
        "type": "bagging"
    },
    "features_transform": {
        "PCA": [
                "JPN_Growth",
                "JPN_Risk",
                "GLOB_Growth",
          "GLOB_Risk",
          "GLOB_Comdty"],
        "PCA_diff": [
          "JPN_Growth",
          "GLOB_Growth"
        ],
        "clip_level": 8,
        "data_startsfrom": "2004-06-17",
        "diff": {
            "names": [
                "JPN_mrg",
                "JPN_sal",
                "JPN_eps_upgrade_ratio",
                "JPN_BoJ_PurETF",
                "JPN_CB_Bal",
                "GLOB_Equity",
                "GLOB_eps_upgrade_ratio",
                "GLOB_Bond_10y",
                "US_TYVIX",
                "FX_JPY",
                "GLOB_Equity_Vol",
                "US_Bond_10y_Fut_RSI"
            ],
            "transform": "make_pipeline(Difference(1), StandardScaler(),Clipper(-8, 8))"
        },
        "pass_through": {
            "names": [
                "GLOB_Money",
                "PCA_Var_Exp",
                "JPN_Equity_Fut",
                "JPN_Equity_Fut_Chg1",
                "JPN_Equity_Fut_DMI",
                "JPN_Equity_Fut_RSI",
                "GLOBJPN_Equity_Sp",
                "Japan_ctry_efi_mc",
                "JPN_PE_CH",
                "GLOB_JPPMI_NE_NO_CH",
                "Nominal_Rstar_CH",
                "JPN_GLOB_Equity_Reg_Resid"
            ],
            "transform": "make_pipeline(StandardScaler(), Clipper(-8, 8))"
        }
    },
    "name": "JPN_Equity_Fut",
    "model": {
        "activation": "selu",
        "batch_size": 1000,
        "batchnorm": true,
        "batchnorm_trainable": true,
        "batchnorm_training": false,
        "decay": null,
        "dropout": 0,
        "epochs": 100,
        "lookback_periods": 13,
        "loss": "mse",
        "nodes": 6,
        "optimizer": "adam",
        "recurrent_dropout": 0.5,
        "regularizer_l1": 0.0,
        "regularizer_l2": 0.025,
        "type": "GruModel",
        "use_bias": false
    },
    "strategy": {
        "t_costs": 0.0002,
        "c": null,
        "threshold": 0.0025,
        "type": "ThresholdSignStrategy",
        "pred_agg_fn": "mean"
    },
    "target": {
        "logreturn": true,
        "name": "JPN_Equity_Fut",
        "prediction_lag": 1,
        "transform": "make_pipeline(StandardScaler(with_mean=False), Clipper(-3, 3))"
    },
    "type": "MB",
    "windowframe": {},
    "charting": ["TrainChart", "ShapChart"]
}