{
    "data_splitter": {
        "expanding": 1,
        "initial_training_size": 375,
        "test_size": 13
    },
    "ensemble": {
        "agg_fn": null,
        "max_samples": null,
        "n_estimators": 30,
        "type": "bagging"
    },
    "features_transform": {
        "PCA": [
        ],
        "PCA_diff": [
        ],
        "clip_level": 8,
        "data_startsfrom": "2005-06-17",
        "diff": {
            "names": [
                "GLOB_Ind_metals",
                "UK_Swap_5y5y",
                "UK_Bond_30y",
                "GLOB_CFTC_Oil",
                "UK_CESI",
                "US_CB_Bal"
            ],
            "transform": "make_pipeline(Difference(1), StandardScaler(),Clipper(-8, 8))"
        },
        "pass_through": {
            "names": [
                "GLOB_JPPMI_NE_NO_CH",
                "UK_Equity_F100_Fut_RSI",
                "US_Equity_PutCall_Ratio_Chg13",
                "UK_Bond_2y",
                "GBP_vs_EUR_fx_Vol",
                "UK_Equity_Vol",
                "CH_ISI_Sales_Survery_Chg1m"
            ],
            "transform": "make_pipeline(StandardScaler(), Clipper(-8, 8))"
        }
    },
    "name": "UK_Equity_F100_Fut",
    "model": {
        "activation": "selu",
        "batch_size": 1000,
        "batchnorm": true,
        "batchnorm_trainable": true,
        "batchnorm_training": false,
        "decay": null,
        "dropout": 0.1,
        "epochs": 250,
        "lookback_periods": 13,
        "loss": "mse",
        "nodes": 8,
        "optimizer": "adam",
        "recurrent_dropout": 0.35,
        "regularizer_l1": 0.001,
        "regularizer_l2": 0.03,
        "type": "GruModel",
        "use_bias": false
    },
    "strategy": {
        "t_costs": 0.0001,
        "c": null,
        "threshold": 0.0015,
        "type": "ThresholdSignStrategy",
        "pred_agg_fn": "mean"
    },
    "target": {
        "logreturn": true,
        "name": "UK_Equity_F100_Fut",
        "prediction_lag": 1,
        "transform": "make_pipeline(StandardScaler(with_mean=False), Clipper(-3, 3))"
    },
    "type": "MB",
    "windowframe": {},
    "charting": ["TrainChart", "ShapChart"]
}