{
    "data_splitter": {
        "expanding": 1,
        "initial_training_size": 277,
        "test_size": 13
    },
    "ensemble": {
        "agg_fn": null,
        "max_samples": null,
        "n_estimators": 30,
        "type": "bagging"
    },
    "features_transform": {
        "PCA": [
        ],
        "PCA_diff": [
            "US_Growth",
            "GLOB_Inflation"
        ],
        "clip_level": 8,
        "data_startsfrom": "2005-06-17",
        "diff": {
            "names": [
                "US_Bond_30y_Fut",
                "US_Bond_10y_2y",
                "US_Bond_10y20y",
                "CopperGold_Sp",
                "Next_week_is_Monthend",
                "US_2y_v_OIS",
                "US_USH_ForYieldSp"
            ],
            "transform": "make_pipeline(Difference(1), StandardScaler(),Clipper(-8, 8))"
        },
        "pass_through": {
            "names": [
                "GLOB_Oil_Chg13",
                "US_TWI_diff13",
                "US_GLOB_Swap_30y_Chg9"
            ],
            "transform": "make_pipeline(StandardScaler(), Clipper(-8, 8))"
        }
    },
    "name": "US_Bond_30y_Fut",
    "model": {
        "activation": "selu",
        "batch_size": 1200,
        "batchnorm": true,
        "batchnorm_trainable": true,
        "batchnorm_training": false,
        "dropout": 0.1,
        "recurrent_dropout": 0.2,
        "epochs": 225,
        "lookback_periods": 22,
        "loss": "mse",
        "nodes": 8,
        "optimizer": "adam",
        "regularizer_l1": 0.0,
        "regularizer_l2": 0.04,
        "type": "GruModel",
        "use_bias": false
    },
    "strategy": {
        "t_costs": 0.0001,
        "c": null,
        "threshold": 0.0015,
        "type": "ThresholdSignStrategy",
        "pred_agg_fn": "mean"
    },
    "target": {
        "logreturn": true,
        "name": "US_Bond_30y_Fut",
        "prediction_lag": 1,
        "transform": "make_pipeline(StandardScaler(with_mean=False), Clipper(-3, 3))"
    },
    "type": "MB",
    "windowframe": {},
    "charting": ["TrainChart", "ShapChart"]
}