{
  "data_splitter": {
    "expanding": 1,
    "initial_training_size": 300,
    "test_size": 13
  },
  "ensemble": {
    "agg_fn": null,
    "max_samples": null,
    "n_estimators": 30,
    "type": "bagging"
  },
  "features_transform": {
    "PCA": [
    ],
    "PCA_diff": [
      "GLOB_Risk",
      "GLOB_Inflation"
    ],
    "clip_level": 8,
    "data_startsfrom": "2005-06-17",
    "diff": {
      "names": [
        "US_Bond_10y_Fut",
        "US_Bond_10y20y",
        "US_USH_ForYieldSp",
        "US_Eq_Spx_90_110_Skew",
        "US_Swaption_3m10y",
        "US_Swap_10y_30y_diff",
        "CH_ISI_Sales_Survery",
        "US_Swap_2y3m_5y5y",
        "US_Butterfly"
      ],
      "transform": "make_pipeline(Difference(1), StandardScaler(),Clipper(-8, 8))"
    },
    "pass_through": {
      "names": [
        "US_Bond_10y_resid_diff",
        "US_TWI_diff13",
        "GLOB_CB_Bal_diff_zscore",
        "TY_Net_Offside_pOI"
      ],
      "transform": "make_pipeline(StandardScaler(), Clipper(-8, 8))"
    },
    "raw": {
      "names": [
        "US_Core_PCE_over_target",
        "Next_week_is_Monthend"
      ],
      "transform": "passthrough"
    }
  },
  "name": "US_Bond_10y_Fut",
  "model": {
    "activation": "selu",
    "batch_size": 1200,
    "batchnorm": true,
    "batchnorm_trainable": true,
    "batchnorm_training": false,
    "dropout": 0.0,
    "epochs": 300,
    "lookback_periods": 13,
    "loss": "mse",
    "nodes": 10,
    "optimizer": "adam",
    "recurrent_dropout": 0.2,
    "regularizer_l1": 0.0,
    "regularizer_l2": 0.03,
    "type": "GruModel",
    "use_bias": false
  },
  "strategy": {
    "t_costs": 0.0001,
    "c": null,
    "threshold": 0.00075,
    "type": "ThresholdSignStrategy",
    "pred_agg_fn": "mean"
  },
  "target": {
    "logreturn": true,
    "name": "US_Bond_10y_Fut",
    "prediction_lag": 1,
    "transform": "make_pipeline(StandardScaler(with_mean=False), Clipper(-3, 3))"
  },
  "type": "MB",
  "windowframe": {},
  "charting": ["TrainChart", "ShapChart"]
}
