{
    "data_splitter": {
        "expanding": 0,
        "initial_training_size": 375,
        "test_size": 13
    },
    "ensemble": {
        "agg_fn": null,
        "max_samples": null,
        "n_estimators": 30,
        "type": "bagging"
    },
    "features_transform": {
        "PCA": [],
        "PCA_diff": [
            "US_Credit_Growth"
        ],
        "clip_level": 8,
        "data_startsfrom": "2004-06-17",
        "diff": {
            "names": [
                "US_Bond_10y",
                "CH_PMI_Man",
                "CH_Iron_Imports_C1",
                "US_ADXY",
                "US_Activity_Surprise",
                "US_Equity_PutCall_Ratio"
            ],
            "transform": "make_pipeline(Difference(1), StandardScaler(),Clipper(-8, 8))"
        },
        "pass_through": {
            "names": [
                "eq_per_flows_USA",
                "eq_ctry2_UnitedStates50_20",
                "US_CFTC_SPX",
                "US_erp",
                "US_JPM_GDP_Forec_Rev",
                "GLOB_CB_Bal",
                "US_CB_Bal",
                "US_2y_v_OIS",
                "US_Buybacks_SPX_BBG",
                "US_Equity_Fut_Chg13",
                "US_Equity_Fut_MASignal",
                "US_EqBond_Corr_Ch",
                "CH_ISI_Sales_Survery"
            ],
            "transform": "make_pipeline(StandardScaler(), Clipper(-8, 8))"
        }
    },
    "name": "US_Equity_Fut",
    "model": {
        "activation": "selu",
        "batch_size": 1000,
        "batchnorm": true,
        "batchnorm_trainable": true,
        "batchnorm_training": false,
        "decay": null,
        "dropout": 0.2,
        "epochs": 275,
        "lookback_periods": 9,
        "loss": "mse",
        "nodes": 10,
        "optimizer": "adam",
        "recurrent_dropout": 0.4,
        "regularizer_l1": 0.0,
        "regularizer_l2": 0.05,
        "type": "GruModel",
        "use_bias": false
    },
    "strategy": {
        "t_costs": 0.0001,
        "c": 0.1,
        "threshold": 0.0015,
        "type": "ThresholdSignStrategy",
        "pred_agg_fn": "mean"
    },
    "target": {
        "logreturn": true,
        "name": "US_Equity_Fut",
        "prediction_lag": 1,
        "transform": "make_pipeline(StandardScaler(with_mean=False), Clipper(-3, 3))"
    },
    "type": "MB",
    "windowframe": {},
    "charting": ["TrainChart", "ShapChart"]
}